,Travel_length,Welding_speed,Net_energy_input,Position,Stress
0,50,3500,3000,0,323.864448
1,80,3000,1500,0,303.470976
2,60,3500,1500,0,313.815008
3,60,3000,1500,0,313.032256
4,40,2500,2500,0,321.695872
5,60,2500,2000,0,315.292576
6,50,4000,2000,0,322.09024
7,40,3000,1500,0,318.393792
8,60,2500,2500,0,318.623232
9,70,2500,2500,0,314.927488
10,40,2000,1000,0,311.853056
11,70,2000,2000,0,311.14304
12,60,4000,1000,0,317.575744
13,40,2500,1000,0,315.968256
14,70,2000,1000,0,301.043136
15,50,2500,3000,0,323.7208
16,40,3000,3000,0,323.860128
17,80,3500,1500,0,304.052864
18,50,2500,2500,0,321.025216
19,70,3500,3000,0,317.971392
20,50,3000,1000,0,316.243424
21,80,2500,2000,0,306.356608
22,60,2000,3000,0,321.619648
23,60,3000,1000,0,312.19616
24,60,2000,1500,0,309.91392
25,70,2000,1500,0,305.909632
26,50,2500,1000,0,313.015296
27,40,4000,2500,0,324.355776
28,70,3500,1500,0,309.305408
29,80,2000,2500,0,309.716128
30,50,4000,2500,0,323.327104
31,80,3500,2500,0,310.50112
32,60,3500,2000,0,317.610016
33,70,2000,3000,0,317.537664
34,60,3500,2500,0,319.58976
35,60,3000,2000,0,315.840928
36,40,2500,1500,0,316.025568
37,80,2500,3000,0,312.359616
38,50,3000,2000,0,318.734592
39,70,4000,2500,0,316.5744
40,50,2000,1000,0,308.895456
41,40,2500,3000,0,324.305536
42,80,2500,1500,0,302.172864
43,40,3000,2500,0,321.73552
44,50,3500,2500,0,322.198912
45,60,2000,1000,0,305.238976
46,40,3500,1000,0,323.316864
47,40,3000,1000,0,319.189664
48,70,4000,1000,0,312.873664
49,40,3500,3000,0,324.353312
50,80,4000,1000,0,307.895488
51,50,2000,1500,0,312.862464
52,40,2000,1500,0,315.193408
53,60,3500,3000,0,321.73792
54,60,4000,2500,0,320.123552
55,70,2500,3000,0,317.5712
56,60,4000,3000,0,322.275744
57,70,2000,2500,0,314.829952
58,50,3500,1000,0,319.701216
59,40,4000,1500,0,323.407424
60,80,4000,1500,0,306.149184
61,60,2500,3000,0,321.466816
62,60,2500,1500,0,311.065824
63,80,3500,3000,0,312.77808
64,70,2500,2000,0,311.528352
65,60,2500,1000,0,309.303648
66,40,2000,2500,0,322.169408
67,70,3500,2500,0,315.66784
68,70,3500,1000,0,310.86352
69,80,2000,1500,0,300.786944
70,40,4000,2000,0,323.27328
71,60,4000,2000,0,318.153344
72,70,3000,1500,0,308.924032
73,80,2000,2000,0,306.0216
74,50,3500,2000,0,320.473216
75,40,3500,2500,0,323.284064
76,80,3000,3000,0,312.436896
77,80,4000,3000,0,313.182176
78,60,2000,2500,0,318.46512
79,60,2000,2000,0,315.004608
80,70,4000,2000,0,314.17984
81,80,3000,1000,0,302.665152
82,80,3500,2000,0,308.20448
83,50,2000,2500,0,321.15392
84,80,3000,2500,0,309.746112
85,40,2000,3000,0,324.70624
86,70,4000,1500,0,311.522272
87,80,4000,2000,0,308.392768
88,40,3000,2000,0,320.162688
89,40,4000,3000,0,325.094016
90,70,2500,1500,0,307.25312
91,50,3000,2500,0,321.126336
92,80,2000,3000,0,312.136064
93,80,2500,1000,0,300.122752
94,80,3000,2000,0,306.589056
95,80,2500,2500,0,309.790752
96,60,4000,1500,0,316.328192
97,40,2000,2000,0,318.931968
98,50,3500,1500,0,317.395936
99,70,3000,3000,0,317.657792
100,60,3000,3000,0,321.208384
101,60,3000,2500,0,318.689664
102,50,3000,3000,0,323.53152
103,70,4000,3000,0,318.300736
104,40,3500,1500,0,320.142528
105,50,4000,1000,0,322.0048
106,40,4000,1000,0,325.719104
107,70,3000,2000,0,311.904064
108,60,3500,1000,0,315.259264
109,50,4000,3000,0,324.805792
110,70,3000,2500,0,315.247936
111,50,2000,2000,0,317.48736
112,70,2500,1000,0,305.05344
113,80,2000,1000,0,296.171904
114,50,4000,1500,0,320.250592
115,40,2500,2000,0,319.2432
116,70,3500,2000,0,313.309664
117,80,3500,1000,0,305.694272
118,50,2500,2000,0,318.077696
119,50,3000,1500,0,316.060064
120,40,3500,2000,0,322.025728
121,80,4000,2500,0,310.668736
122,50,2500,1500,0,313.852832
123,50,2000,3000,0,324.034944
124,70,3000,1000,0,307.363232
125,50,3500,3000,0.85,331.0865479
126,80,3000,1500,0.85,317.132412
127,60,3500,1500,0.85,327.1023767
128,60,3000,1500,0.85,324.5454949
129,40,2500,2500,0.85,326.7979531
130,60,2500,2000,0.85,322.2658263
131,50,4000,2000,0.85,332.0886255
132,40,3000,1500,0.85,328.0270071
133,60,2500,2500,0.85,324.4713965
134,70,2500,2500,0.85,321.7203382
135,40,2000,1000,0.85,320.9235424
136,70,2000,2000,0.85,317.7288653
137,60,4000,1000,0.85,334.5426795
138,40,2500,1000,0.85,325.2655124
139,70,2000,1000,0.85,314.1197018
140,50,2500,3000,0.85,328.2240516
141,40,3000,3000,0.85,330.1094366
142,80,3500,1500,0.85,319.3833666
143,50,2500,2500,0.85,326.1841812
144,70,3500,3000,0.85,326.2585096
145,50,3000,1000,0.85,329.5374537
146,80,2500,2000,0.85,315.2238778
147,60,2000,3000,0.85,325.6200709
148,60,3000,1000,0.85,327.013269
149,60,2000,1500,0.85,317.4941772
150,70,2000,1500,0.85,314.4900803
151,50,2500,1000,0.85,323.6926061
152,40,4000,2500,0.85,333.7816815
153,70,3500,1500,0.85,323.6880155
154,80,2000,2500,0.85,316.1317559
155,50,4000,2500,0.85,332.3099021
156,80,3500,2500,0.85,320.6061328
157,60,3500,2000,0.85,327.5243438
158,70,2000,3000,0.85,322.4602062
159,60,3500,2500,0.85,327.9832414
160,60,3000,2000,0.85,324.6624333
161,40,2500,1500,0.85,324.274944
162,80,2500,3000,0.85,319.5443748
163,50,3000,2000,0.85,326.8414285
164,70,4000,2500,0.85,326.8453911
165,50,2000,1000,0.85,319.2862534
166,40,2500,3000,0.85,328.6042781
167,80,2500,1500,0.85,313.3236394
168,40,3000,2500,0.85,328.9250562
169,50,3500,2500,0.85,329.9797793
170,60,2000,1000,0.85,317.1672907
171,40,3500,1000,0.85,336.2083479
172,40,3000,1000,0.85,330.8758469
173,70,4000,1000,0.85,331.0431095
174,40,3500,3000,0.85,331.8127245
175,80,4000,1000,0.85,327.3128104
176,50,2000,1500,0.85,319.3799684
177,40,2000,1500,0.85,320.9286925
178,60,3500,3000,0.85,329.2690631
179,60,4000,2500,0.85,330.1388271
180,70,2500,3000,0.85,323.8242459
181,60,4000,3000,0.85,330.8634831
182,70,2000,2500,0.85,320.4214209
183,50,3500,1000,0.85,334.1929564
184,40,4000,1500,0.85,335.2304179
185,80,4000,1500,0.85,322.3540687
186,60,2500,3000,0.85,326.6934244
187,60,2500,1500,0.85,320.3263271
188,80,3500,3000,0.85,322.1280996
189,70,2500,2000,0.85,319.3847179
190,60,2500,1000,0.85,321.3329034
191,40,2000,2500,0.85,325.4141134
192,70,3500,2500,0.85,324.8458415
193,70,3500,1000,0.85,328.1220884
194,80,2000,1500,0.85,310.3960726
195,40,4000,2000,0.85,334.1044025
196,60,4000,2000,0.85,330.0495783
197,70,3000,1500,0.85,321.0179018
198,80,2000,2000,0.85,313.6700296
199,50,3500,2000,0.85,329.7412463
200,40,3500,2500,0.85,331.1738379
201,80,3000,3000,0.85,320.7985294
202,80,4000,3000,0.85,323.4596851
203,60,2000,2500,0.85,323.1823991
204,60,2000,2000,0.85,320.515895
205,70,4000,2000,0.85,326.2804119
206,80,3000,1000,0.85,319.8909674
207,80,3500,2000,0.85,319.9342165
208,50,2000,2500,0.85,324.8863048
209,80,3000,2500,0.85,319.1842425
210,40,2000,3000,0.85,327.1218683
211,70,4000,1500,0.85,326.6509386
212,80,4000,2000,0.85,322.2233918
213,40,3000,2000,0.85,328.2949393
214,40,4000,3000,0.85,333.8048717
215,70,2500,1500,0.85,317.4926766
216,50,3000,2500,0.85,328.1972204
217,80,2000,3000,0.85,318.0106275
218,80,2500,1000,0.85,314.2881351
219,80,3000,2000,0.85,317.2993555
220,80,2500,2500,0.85,317.5885921
221,60,4000,1500,0.85,330.2558881
222,40,2000,2000,0.85,323.2917711
223,50,3500,1500,0.85,329.6879581
224,70,3000,3000,0.85,325.0672987
225,60,3000,3000,0.85,327.7860228
226,60,3000,2500,0.85,326.3139691
227,50,3000,3000,0.85,329.4746659
228,70,4000,3000,0.85,327.8254634
229,40,3500,1500,0.85,331.5326508
230,50,4000,1000,0.85,337.31954
231,40,4000,1000,0.85,339.0235834
232,70,3000,2000,0.85,321.5939324
233,60,3500,1000,0.85,331.3574674
234,50,4000,3000,0.85,332.9060075
235,70,3000,2500,0.85,323.3964011
236,50,2000,2000,0.85,322.2549343
237,70,2500,1000,0.85,318.1772176
238,80,2000,1000,0.85,310.3097301
239,50,4000,1500,0.85,332.9757773
240,40,2500,2000,0.85,325.4226595
241,70,3500,2000,0.85,324.3231213
242,80,3500,1000,0.85,324.0542141
243,50,2500,2000,0.85,324.2417066
244,50,3000,1500,0.85,326.7326324
245,40,3500,2000,0.85,331.2246572
246,80,4000,2500,0.85,322.48661
247,50,2500,1500,0.85,322.5255715
248,50,2000,3000,0.85,327.1027515
249,70,3000,1000,0.85,323.0757103
250,50,3500,3000,1.7,339.1552952
251,80,3000,1500,1.7,333.1764899
252,60,3500,1500,1.7,341.3572053
253,60,3000,1500,1.7,337.4930588
254,40,2500,2500,1.7,332.0933934
255,60,2500,2000,1.7,331.5609262
256,50,4000,2000,1.7,343.8630223
257,40,3000,1500,1.7,337.1609707
258,60,2500,2500,1.7,331.8030299
259,70,2500,2500,1.7,330.5010245
260,40,2000,1000,1.7,329.8222753
261,70,2000,2000,1.7,326.3266178
262,60,4000,1000,1.7,351.2842447
263,40,2500,1000,1.7,336.5012994
264,70,2000,1000,1.7,328.743717
265,50,2500,3000,1.7,333.0394615
266,40,3000,3000,1.7,336.2514439
267,80,3500,1500,1.7,337.0165673
268,50,2500,2500,1.7,332.2889364
269,70,3500,3000,1.7,336.8041026
270,50,3000,1000,1.7,343.7039151
271,80,2500,2000,1.7,327.3994396
272,60,2000,3000,1.7,330.5343668
273,60,3000,1000,1.7,343.3643436
274,60,2000,1500,1.7,327.2103579
275,70,2000,1500,1.7,325.8523858
276,50,2500,1000,1.7,336.9198383
277,40,4000,2500,1.7,344.3343691
278,70,3500,1500,1.7,339.7014361
279,80,2000,2500,1.7,324.4943656
280,50,4000,2500,1.7,342.7531864
281,80,3500,2500,1.7,334.0063001
282,60,3500,2000,1.7,339.7570892
283,70,2000,3000,1.7,328.796476
284,60,3500,2500,1.7,338.5890482
285,60,3000,2000,1.7,336.1962764
286,40,2500,1500,1.7,333.6589822
287,80,2500,3000,1.7,328.6022024
288,50,3000,2000,1.7,337.0935247
289,70,4000,2500,1.7,339.959791
290,50,2000,1000,1.7,330.2896082
291,40,2500,3000,1.7,332.4257162
292,80,2500,1500,1.7,327.6752553
293,40,3000,2500,1.7,336.8100433
294,50,3500,2500,1.7,339.5241198
295,60,2000,1000,1.7,330.0643983
296,40,3500,1000,1.7,348.2007371
297,40,3000,1000,1.7,345.8068489
298,70,4000,1000,1.7,349.614856
299,40,3500,3000,1.7,339.1612884
300,80,4000,1000,1.7,347.5703865
301,50,2000,1500,1.7,327.6380782
302,40,2000,1500,1.7,327.4208891
303,60,3500,3000,1.7,338.3373518
304,60,4000,2500,1.7,342.8537644
305,70,2500,3000,1.7,331.4495592
306,60,4000,3000,1.7,341.4834939
307,70,2000,2500,1.7,327.4459064
308,50,3500,1000,1.7,348.3742034
309,40,4000,1500,1.7,347.7826738
310,80,4000,1500,1.7,342.3831936
311,60,2500,3000,1.7,332.7481972
312,60,2500,1500,1.7,331.9459109
313,80,3500,3000,1.7,334.0044341
314,70,2500,2000,1.7,330.0741928
315,60,2500,1000,1.7,336.4989331
316,40,2000,2500,1.7,328.4768583
317,70,3500,2500,1.7,336.9105615
318,70,3500,1000,1.7,346.3004048
319,80,2000,1500,1.7,323.2661468
320,40,4000,2000,1.7,345.7195064
321,60,4000,2000,1.7,344.4188588
322,70,3000,1500,1.7,334.7540031
323,80,2000,2000,1.7,323.8351931
324,50,3500,2000,1.7,340.5603807
325,40,3500,2500,1.7,339.8586261
326,80,3000,3000,1.7,331.5133122
327,80,4000,3000,1.7,336.8708767
328,60,2000,2500,1.7,328.9282609
329,60,2000,2000,1.7,327.5756251
330,70,4000,2000,1.7,341.2723286
331,80,3000,1000,1.7,339.6934618
332,80,3500,2000,1.7,335.3118966
333,50,2000,2500,1.7,329.0960183
334,80,3000,2500,1.7,331.7157317
335,40,2000,3000,1.7,329.2502256
336,70,4000,1500,1.7,344.7732115
337,80,4000,2000,1.7,339.7361741
338,40,3000,2000,1.7,337.5753976
339,40,4000,3000,1.7,342.6896993
340,70,2500,1500,1.7,330.3552956
341,50,3000,2500,1.7,336.8049246
342,80,2000,3000,1.7,325.6969355
343,80,2500,1000,1.7,332.6443894
344,80,3000,2000,1.7,331.7971535
345,80,2500,2500,1.7,327.8910949
346,60,4000,1500,1.7,346.8889894
347,40,2000,2000,1.7,327.9461204
348,50,3500,1500,1.7,342.127533
349,70,3000,3000,1.7,334.2541285
350,60,3000,3000,1.7,335.655932
351,60,3000,2500,1.7,335.9982005
352,50,3000,3000,1.7,336.3369774
353,70,4000,3000,1.7,339.5479224
354,40,3500,1500,1.7,342.219476
355,50,4000,1000,1.7,351.7946018
356,40,4000,1000,1.7,351.1028987
357,70,3000,2000,1.7,334.5420706
358,60,3500,1000,1.7,347.9063155
359,50,4000,3000,1.7,342.3761656
360,70,3000,2500,1.7,333.8237576
361,50,2000,2000,1.7,327.9937595
362,70,2500,1000,1.7,335.0064659
363,80,2000,1000,1.7,326.4720419
364,50,4000,1500,1.7,347.3555318
365,40,2500,2000,1.7,332.5183057
366,70,3500,2000,1.7,338.0714313
367,80,3500,1000,1.7,344.0070864
368,50,2500,2000,1.7,332.1374126
369,50,3000,1500,1.7,337.8122715
370,40,3500,2000,1.7,340.8871729
371,80,4000,2500,1.7,338.0300707
372,50,2500,1500,1.7,333.0896645
373,50,2000,3000,1.7,330.6422839
374,70,3000,1000,1.7,344.3984029
375,50,3500,3000,2.55,344.9246212
376,80,3000,1500,2.55,344.8611491
377,60,3500,1500,2.55,350.5973018
378,60,3000,1500,2.55,346.2851904
379,40,2500,2500,2.55,336.0395599
380,60,2500,2000,2.55,338.1913566
381,50,4000,2000,2.55,351.3090557
382,40,3000,1500,2.55,344.9211108
383,60,2500,2500,2.55,337.4005468
384,70,2500,2500,2.55,337.2838555
385,40,2000,1000,2.55,326.4132249
386,70,2000,2000,2.55,332.6661451
387,60,4000,1000,2.55,318.4013438
388,40,2500,1000,2.55,330.2438531
389,70,2000,1000,2.55,328.9225798
390,50,2500,3000,2.55,337.0995282
391,40,3000,3000,2.55,340.7776362
392,80,3500,1500,2.55,348.8791857
393,50,2500,2500,2.55,336.8929071
394,70,3500,3000,2.55,344.6463397
395,50,3000,1000,2.55,318.2194379
396,80,2500,2000,2.55,336.5096711
397,60,2000,3000,2.55,334.4533839
398,60,3000,1000,2.55,318.8785871
399,60,2000,1500,2.55,334.3675557
400,70,2000,1500,2.55,334.2878025
401,50,2500,1000,2.55,332.0645088
402,40,4000,2500,2.55,350.9525016
403,70,3500,1500,2.55,350.2759052
404,80,2000,2500,2.55,331.3220918
405,50,4000,2500,2.55,348.9077263
406,80,3500,2500,2.55,344.0613904
407,60,3500,2000,2.55,347.4452626
408,70,2000,3000,2.55,333.8761242
409,60,3500,2500,2.55,346.1342122
410,60,3000,2000,2.55,344.2616788
411,40,2500,1500,2.55,341.2644661
412,80,2500,3000,2.55,336.1019888
413,50,3000,2000,2.55,343.8974307
414,70,4000,2500,2.55,348.5983319
415,50,2000,1000,2.55,327.9769902
416,40,2500,3000,2.55,335.6876592
417,80,2500,1500,2.55,337.9085699
418,40,3000,2500,2.55,342.1438369
419,50,3500,2500,2.55,346.0374505
420,60,2000,1000,2.55,329.0046311
421,40,3500,1000,2.55,316.9796719
422,40,3000,1000,2.55,321.1321409
423,70,4000,1000,2.55,318.9349151
424,40,3500,3000,2.55,344.3320099
425,80,4000,1000,2.55,317.1239857
426,50,2000,1500,2.55,333.6448955
427,40,2000,1500,2.55,331.7182634
428,60,3500,3000,2.55,345.1021086
429,60,4000,2500,2.55,351.1908503
430,70,2500,3000,2.55,337.7671681
431,60,4000,3000,2.55,349.2610935
432,70,2000,2500,2.55,333.1384038
433,50,3500,1000,2.55,318.4361977
434,40,4000,1500,2.55,351.6799268
435,80,4000,1500,2.55,351.922311
436,60,2500,3000,2.55,337.8247761
437,60,2500,1500,2.55,340.8015632
438,80,3500,3000,2.55,343.1365905
439,70,2500,2000,2.55,337.9371467
440,60,2500,1000,2.55,332.946281
441,40,2000,2500,2.55,331.1802147
442,70,3500,2500,2.55,345.6232183
443,70,3500,1000,2.55,318.9613073
444,80,2000,1500,2.55,332.982731
445,40,4000,2000,2.55,354.0628224
446,60,4000,2000,2.55,354.9907163
447,70,3000,1500,2.55,347.4610084
448,80,2000,2000,2.55,331.4110257
449,50,3500,2000,2.55,347.0459093
450,40,3500,2500,2.55,345.4526105
451,80,3000,3000,2.55,340.0001332
452,80,4000,3000,2.55,347.0404286
453,60,2000,2500,2.55,333.7736991
454,60,2000,2000,2.55,332.6217868
455,70,4000,2000,2.55,351.3509293
456,80,3000,1000,2.55,317.8987016
457,80,3500,2000,2.55,345.7408863
458,50,2000,2500,2.55,332.7071784
459,80,3000,2500,2.55,341.1813617
460,40,2000,3000,2.55,331.1861393
461,70,4000,1500,2.55,353.1992192
462,80,4000,2000,2.55,353.126482
463,40,3000,2000,2.55,343.5205531
464,40,4000,3000,2.55,349.1271966
465,70,2500,1500,2.55,339.1694139
466,50,3000,2500,2.55,342.6882492
467,80,2000,3000,2.55,331.8964806
468,80,2500,1000,2.55,331.49392
469,80,3000,2000,2.55,342.4678802
470,80,2500,2500,2.55,335.90035
471,60,4000,1500,2.55,353.523611
472,40,2000,2000,2.55,330.7700033
473,50,3500,1500,2.55,349.8455188
474,70,3000,3000,2.55,341.4996658
475,60,3000,3000,2.55,341.8376104
476,60,3000,2500,2.55,342.9562869
477,50,3000,3000,2.55,341.4451703
478,70,4000,3000,2.55,348.7276673
479,40,3500,1500,2.55,349.0072798
480,50,4000,1000,2.55,318.4382532
481,40,4000,1000,2.55,315.2799529
482,70,3000,2000,2.55,343.8682476
483,60,3500,1000,2.55,319.4246307
484,50,4000,3000,2.55,349.3557269
485,70,3000,2500,2.55,341.2659987
486,50,2000,2000,2.55,331.8287837
487,70,2500,1000,2.55,332.7650637
488,80,2000,1000,2.55,327.7318652
489,50,4000,1500,2.55,353.0136768
490,40,2500,2000,2.55,337.1721565
491,70,3500,2000,2.55,347.1457313
492,80,3500,1000,2.55,318.1004417
493,50,2500,2000,2.55,337.7383297
494,50,3000,1500,2.55,345.5395317
495,40,3500,2000,2.55,346.5773008
496,80,4000,2500,2.55,349.1139029
497,50,2500,1500,2.55,341.9720729
498,50,2000,3000,2.55,333.5987352
499,70,3000,1000,2.55,324.0150395
500,50,3500,3000,3.4,349.8906951
501,80,3000,1500,3.4,332.1135537
502,60,3500,1500,3.4,333.5164157
503,60,3000,1500,3.4,331.7220734
504,40,2500,2500,3.4,340.1760743
505,60,2500,2000,3.4,343.7823175
506,50,4000,2000,3.4,356.3663872
507,40,3000,1500,3.4,331.9470705
508,60,2500,2500,3.4,342.3692077
509,70,2500,2500,3.4,343.1961306
510,40,2000,1000,3.4,288.0357341
511,70,2000,2000,3.4,337.1641331
512,60,4000,1000,3.4,286.0635551
513,40,2500,1000,3.4,287.9468208
514,70,2000,1000,3.4,292.7838442
515,50,2500,3000,3.4,340.4986029
516,40,3000,3000,3.4,344.8664787
517,80,3500,1500,3.4,333.2877937
518,50,2500,2500,3.4,341.2113479
519,70,3500,3000,3.4,351.2283348
520,50,3000,1000,3.4,287.9851781
521,80,2500,2000,3.4,344.1061882
522,60,2000,3000,3.4,338.0091399
523,60,3000,1000,3.4,289.4638066
524,60,2000,1500,3.4,341.3602522
525,70,2000,1500,3.4,342.2680065
526,50,2500,1000,3.4,290.2215875
527,40,4000,2500,3.4,358.6605709
528,70,3500,1500,3.4,333.8534321
529,80,2000,2500,3.4,337.0762317
530,50,4000,2500,3.4,354.7667328
531,80,3500,2500,3.4,352.5820909
532,60,3500,2000,3.4,354.1004736
533,70,2000,3000,3.4,338.3768704
534,60,3500,2500,3.4,352.616745
535,60,3000,2000,3.4,352.5404788
536,40,2500,1500,3.4,332.0197438
537,80,2500,3000,3.4,342.0662087
538,50,3000,2000,3.4,351.2826855
539,70,4000,2500,3.4,356.1271668
540,50,2000,1000,3.4,290.1054237
541,40,2500,3000,3.4,338.8503738
542,80,2500,1500,3.4,343.3136871
543,40,3000,2500,3.4,347.4278471
544,50,3500,2500,3.4,351.7662592
545,60,2000,1000,3.4,291.9822109
546,40,3500,1000,3.4,284.0973746
547,40,3000,1000,3.4,288.3322462
548,70,4000,1000,3.4,287.473454
549,40,3500,3000,3.4,349.2524212
550,80,4000,1000,3.4,286.625966
551,50,2000,1500,3.4,339.6601997
552,40,2000,1500,3.4,338.4778804
553,60,3500,3000,3.4,350.7292378
554,60,4000,2500,3.4,359.8635917
555,70,2500,3000,3.4,342.7810208
556,60,4000,3000,3.4,355.8280903
557,70,2000,2500,3.4,337.9127181
558,50,3500,1000,3.4,286.4066911
559,40,4000,1500,3.4,316.5260963
560,80,4000,1500,3.4,319.415041
561,60,2500,3000,3.4,341.8989312
562,60,2500,1500,3.4,340.0288684
563,80,3500,3000,3.4,350.7999642
564,70,2500,2000,3.4,344.5084071
565,60,2500,1000,3.4,291.9344944
566,40,2000,2500,3.4,334.1483591
567,70,3500,2500,3.4,353.0158657
568,70,3500,1000,3.4,288.8736671
569,80,2000,1500,3.4,342.0196276
570,40,4000,2000,3.4,346.9879691
571,60,4000,2000,3.4,349.0729368
572,70,3000,1500,3.4,338.1099326
573,80,2000,2000,3.4,336.9147124
574,50,3500,2000,3.4,353.0641133
575,40,3500,2500,3.4,350.7693082
576,80,3000,3000,3.4,346.9556877
577,80,4000,3000,3.4,355.5882631
578,60,2000,2500,3.4,337.9938765
579,60,2000,2000,3.4,336.1134163
580,70,4000,2000,3.4,357.9105792
581,80,3000,1000,3.4,290.3409144
582,80,3500,2000,3.4,354.1304615
583,50,2000,2500,3.4,336.0918899
584,80,3000,2500,3.4,348.9786125
585,40,2000,3000,3.4,333.5673997
586,70,4000,1500,3.4,320.7285335
587,80,4000,2000,3.4,349.3057522
588,40,3000,2000,3.4,350.6211495
589,40,4000,3000,3.4,354.8024186
590,70,2500,1500,3.4,343.7957018
591,50,3000,2500,3.4,347.8052333
592,80,2000,3000,3.4,337.2352429
593,80,2500,1000,3.4,292.2951971
594,80,3000,2000,3.4,352.9318196
595,80,2500,2500,3.4,342.7746234
596,60,4000,1500,3.4,319.2455805
597,40,2000,2000,3.4,333.1438221
598,50,3500,1500,3.4,332.1748977
599,70,3000,3000,3.4,347.3761773
600,60,3000,3000,3.4,346.7773588
601,60,3000,2500,3.4,348.81525
602,50,3000,3000,3.4,345.6405875
603,70,4000,3000,3.4,356.0601479
604,40,3500,1500,3.4,331.1774538
605,50,4000,1000,3.4,285.0117707
606,40,4000,1000,3.4,281.5348261
607,70,3000,2000,3.4,353.2153134
608,60,3500,1000,3.4,288.246524
609,50,4000,3000,3.4,354.9212384
610,70,3000,2500,3.4,346.6445428
611,50,2000,2000,3.4,334.6215379
612,70,2500,1000,3.4,292.7488291
613,80,2000,1000,3.4,292.4197322
614,50,4000,1500,3.4,318.7320112
615,40,2500,2000,3.4,341.1500531
616,70,3500,2000,3.4,354.6468045
617,80,3500,1000,3.4,288.7745996
618,50,2500,2000,3.4,342.6129703
619,50,3000,1500,3.4,330.7982999
620,40,3500,2000,3.4,352.5626624
621,80,4000,2500,3.4,360.0335246
622,50,2500,1500,3.4,334.7656357
623,50,2000,3000,3.4,336.6900531
624,70,3000,1000,3.4,293.2760952
625,50,3500,3000,4.25,352.4173072
626,80,3000,1500,4.25,293.9291844
627,60,3500,1500,4.25,290.8585773
628,60,3000,1500,4.25,292.1185333
629,40,2500,2500,4.25,344.3387269
630,60,2500,2000,4.25,343.1243223
631,50,4000,2000,4.25,320.8057898
632,40,3000,1500,4.25,291.885379
633,60,2500,2500,4.25,346.8000125
634,70,2500,2500,4.25,348.2421309
635,40,2000,1000,4.25,267.3753433
636,70,2000,2000,4.25,340.0454009
637,60,4000,1000,4.25,272.076191
638,40,2500,1000,4.25,266.7005493
639,70,2000,1000,4.25,273.8048921
640,50,2500,3000,4.25,343.530795
641,40,3000,3000,4.25,349.3716613
642,80,3500,1500,4.25,291.9164732
643,50,2500,2500,4.25,345.2149437
644,70,3500,3000,4.25,354.8359944
645,50,3000,1000,4.25,271.1722352
646,80,2500,2000,4.25,345.0143759
647,60,2000,3000,4.25,340.735995
648,60,3000,1000,4.25,273.3254212
649,60,2000,1500,4.25,312.9166119
650,70,2000,1500,4.25,314.3960287
651,50,2500,1000,4.25,269.5520421
652,40,4000,2500,4.25,336.8527477
653,70,3500,1500,4.25,291.9012677
654,80,2000,2500,4.25,341.8565678
655,50,4000,2500,4.25,349.7984756
656,80,3500,2500,4.25,354.580831
657,60,3500,2000,4.25,322.7145712
658,70,2000,3000,4.25,342.047439
659,60,3500,2500,4.25,353.0968478
660,60,3000,2000,4.25,327.9644654
661,40,2500,1500,4.25,295.9330606
662,80,2500,3000,4.25,347.0675173
663,50,3000,2000,4.25,326.7347686
664,70,4000,2500,4.25,351.7209468
665,50,2000,1000,4.25,269.8085169
666,40,2500,3000,4.25,342.0329966
667,80,2500,1500,4.25,308.3815782
668,40,3000,2500,4.25,348.793341
669,50,3500,2500,4.25,351.7586094
670,60,2000,1000,4.25,272.2945185
671,40,3500,1000,4.25,267.7665867
672,40,3000,1000,4.25,269.7702621
673,70,4000,1000,4.25,273.7323406
674,40,3500,3000,4.25,352.0430408
675,80,4000,1000,4.25,273.7304422
676,50,2000,1500,4.25,310.7586359
677,40,2000,1500,4.25,308.4926687
678,60,3500,3000,4.25,353.6046032
679,60,4000,2500,4.25,337.9620053
680,70,2500,3000,4.25,346.9960149
681,60,4000,3000,4.25,357.7912547
682,70,2000,2500,4.25,341.5248703
683,50,3500,1000,4.25,270.5056799
684,40,4000,1500,4.25,287.8726902
685,80,4000,1500,4.25,292.2592077
686,60,2500,3000,4.25,345.456607
687,60,2500,1500,4.25,305.2305104
688,80,3500,3000,4.25,355.1605304
689,70,2500,2000,4.25,344.6112399
690,60,2500,1000,4.25,271.9914048
691,40,2000,2500,4.25,336.690512
692,70,3500,2500,4.25,354.3043566
693,70,3500,1000,4.25,274.2269719
694,80,2000,1500,4.25,314.8053678
695,40,4000,2000,4.25,310.8088282
696,60,4000,2000,4.25,312.5212602
697,70,3000,1500,4.25,297.5382839
698,80,2000,2000,4.25,340.4225281
699,50,3500,2000,4.25,321.5109664
700,40,3500,2500,4.25,351.0464966
701,80,3000,3000,4.25,353.1294476
702,80,4000,3000,4.25,359.1802243
703,60,2000,2500,4.25,340.97596
704,60,2000,2000,4.25,338.5078921
705,70,4000,2000,4.25,322.7302729
706,80,3000,1000,4.25,275.2109607
707,80,3500,2000,4.25,323.5919255
708,50,2000,2500,4.25,338.5834168
709,80,3000,2500,4.25,351.6136931
710,40,2000,3000,4.25,336.366259
711,70,4000,1500,4.25,292.8780454
712,80,4000,2000,4.25,313.4865401
713,40,3000,2000,4.25,326.7972437
714,40,4000,3000,4.25,356.5013643
715,70,2500,1500,4.25,308.4882063
716,50,3000,2500,4.25,348.4669291
717,80,2000,3000,4.25,341.5615357
718,80,2500,1000,4.25,273.8019304
719,80,3000,2000,4.25,329.6947494
720,80,2500,2500,4.25,348.571978
721,60,4000,1500,4.25,290.9671646
722,40,2000,2000,4.25,335.4918626
723,50,3500,1500,4.25,289.1212797
724,70,3000,3000,4.25,352.7288748
725,60,3000,3000,4.25,351.4444709
726,60,3000,2500,4.25,349.8392515
727,50,3000,3000,4.25,350.0239805
728,70,4000,3000,4.25,358.8959331
729,40,3500,1500,4.25,288.1921006
730,50,4000,1000,4.25,270.090455
731,40,4000,1000,4.25,267.0542958
732,70,3000,2000,4.25,329.6480526
733,60,3500,1000,4.25,272.8675631
734,50,4000,3000,4.25,356.5813939
735,70,3000,2500,4.25,350.386569
736,50,2000,2000,4.25,336.7460522
737,70,2500,1000,4.25,273.5584832
738,80,2000,1000,4.25,274.1069817
739,50,4000,1500,4.25,289.8763326
740,40,2500,2000,4.25,338.1711927
741,70,3500,2000,4.25,323.4613687
742,80,3500,1000,4.25,274.5512086
743,50,2500,2000,4.25,341.5465167
744,50,3000,1500,4.25,290.8630181
745,40,3500,2000,4.25,321.3761672
746,80,4000,2500,4.25,339.2297205
747,50,2500,1500,4.25,299.6313152
748,50,2000,3000,4.25,339.2887886
749,70,3000,1000,4.25,276.2153896
750,50,3500,3000,5.1,334.2132697
751,80,3000,1500,5.1,276.7891238
752,60,3500,1500,5.1,273.0634538
753,60,3000,1500,5.1,274.0167884
754,40,2500,2500,5.1,330.7767786
755,60,2500,2000,5.1,302.1845811
756,50,4000,2000,5.1,283.8484078
757,40,3000,1500,5.1,272.2646374
758,60,2500,2500,5.1,332.7903398
759,70,2500,2500,5.1,334.6241638
760,40,2000,1000,5.1,254.9296847
761,70,2000,2000,5.1,318.6740167
762,60,4000,1000,5.1,264.6897501
763,40,2500,1000,5.1,255.7533343
764,70,2000,1000,5.1,262.3384043
765,50,2500,3000,5.1,346.2145628
766,40,3000,3000,5.1,338.0029867
767,80,3500,1500,5.1,275.2706043
768,50,2500,2500,5.1,331.2100669
769,70,3500,3000,5.1,336.6374645
770,50,3000,1000,5.1,261.4887258
771,80,2500,2000,5.1,304.5271619
772,60,2000,3000,5.1,342.7597557
773,60,3000,1000,5.1,264.0150036
774,60,2000,1500,5.1,279.17944
775,70,2000,1500,5.1,280.9449779
776,50,2500,1000,5.1,258.5928354
777,40,4000,2500,5.1,301.7813187
778,70,3500,1500,5.1,274.7396004
779,80,2000,2500,5.1,344.577964
780,50,4000,2500,5.1,303.519511
781,80,3500,2500,5.1,314.0788017
782,60,3500,2000,5.1,287.5255099
783,70,2000,3000,5.1,344.8638143
784,60,3500,2500,5.1,312.1948635
785,60,3000,2000,5.1,293.0343817
786,40,2500,1500,5.1,275.7822618
787,80,2500,3000,5.1,351.0989453
788,50,3000,2000,5.1,291.9835503
789,70,4000,2500,5.1,305.4777565
790,50,2000,1000,5.1,257.5803156
791,40,2500,3000,5.1,344.903982
792,80,2500,1500,5.1,277.0182273
793,40,3000,2500,5.1,313.7914433
794,50,3500,2500,5.1,311.0662693
795,60,2000,1000,5.1,260.4375678
796,40,3500,1000,5.1,259.330779
797,40,3000,1000,5.1,259.0208704
798,70,4000,1000,5.1,266.0593333
799,40,3500,3000,5.1,334.3673159
800,80,4000,1000,5.1,266.0481526
801,50,2000,1500,5.1,276.9467913
802,40,2000,1500,5.1,274.7088253
803,60,3500,3000,5.1,335.2679791
804,60,4000,2500,5.1,302.2321734
805,70,2500,3000,5.1,350.4136182
806,60,4000,3000,5.1,320.3274909
807,70,2000,2500,5.1,342.9964955
808,50,3500,1000,5.1,262.0859457
809,40,4000,1500,5.1,269.2096583
810,80,4000,1500,5.1,275.1183899
811,60,2500,3000,5.1,348.3932988
812,60,2500,1500,5.1,276.6144607
813,80,3500,3000,5.1,337.1250441
814,70,2500,2000,5.1,303.8618339
815,60,2500,1000,5.1,261.4571731
816,40,2000,2500,5.1,335.0720675
817,70,3500,2500,5.1,313.568259
818,70,3500,1000,5.1,266.0474317
819,80,2000,1500,5.1,281.6644029
820,40,4000,2000,5.1,286.0655274
821,60,4000,2000,5.1,287.8801245
822,70,3000,1500,5.1,277.6904565
823,80,2000,2000,5.1,319.1828973
824,50,3500,2000,5.1,286.1647224
825,40,3500,2500,5.1,310.8237775
826,80,3000,3000,5.1,341.8976266
827,80,4000,3000,5.1,322.0147251
828,60,2000,2500,5.1,339.1917609
829,60,2000,2000,5.1,317.0577274
830,70,4000,2000,5.1,286.6095385
831,80,3000,1000,5.1,266.2444579
832,80,3500,2000,5.1,289.5037008
833,50,2000,2500,5.1,336.654766
834,80,3000,2500,5.1,315.6400313
835,40,2000,3000,5.1,337.2513679
836,70,4000,1500,5.1,275.0275127
837,80,4000,2000,5.1,289.6423576
838,40,3000,2000,5.1,292.7203218
839,40,4000,3000,5.1,319.9401582
840,70,2500,1500,5.1,276.4430864
841,50,3000,2500,5.1,312.4441776
842,80,2000,3000,5.1,344.9079628
843,80,2500,1000,5.1,263.9820093
844,80,3000,2000,5.1,295.304096
845,80,2500,2500,5.1,335.4319737
846,60,4000,1500,5.1,272.9506023
847,40,2000,2000,5.1,314.2906444
848,50,3500,1500,5.1,270.835052
849,70,3000,3000,5.1,341.2861731
850,60,3000,3000,5.1,339.2464044
851,60,3000,2500,5.1,313.3326972
852,50,3000,3000,5.1,337.8858854
853,70,4000,3000,5.1,322.1106109
854,40,3500,1500,5.1,269.6182307
855,50,4000,1000,5.1,262.6396734
856,40,4000,1000,5.1,260.2108744
857,70,3000,2000,5.1,295.2136403
858,60,3500,1000,5.1,264.5780109
859,50,4000,3000,5.1,320.0368548
860,70,3000,2500,5.1,328.6106224
861,50,2000,2000,5.1,315.3729275
862,70,2500,1000,5.1,263.4146358
863,80,2000,1000,5.1,262.9796045
864,50,4000,1500,5.1,271.1153202
865,40,2500,2000,5.1,298.354261
866,70,3500,2000,5.1,288.9060095
867,80,3500,1000,5.1,266.4019416
868,50,2500,2000,5.1,300.7939181
869,50,3000,1500,5.1,272.2323335
870,40,3500,2000,5.1,286.2559313
871,80,4000,2500,5.1,303.8559366
872,50,2500,1500,5.1,277.0220465
873,50,2000,3000,5.1,340.3183263
874,70,3000,1000,5.1,266.321206
875,50,3500,3000,5.95,291.2714088
876,80,3000,1500,5.95,264.4616754
877,60,3500,1500,5.95,261.5415824
878,60,3000,1500,5.95,261.2445697
879,40,2500,2500,5.95,289.0949455
880,60,2500,2000,5.95,276.0184356
881,50,4000,2000,5.95,266.7376027
882,40,3000,1500,5.95,258.3052671
883,60,2500,2500,5.95,289.8207028
884,70,2500,2500,5.95,291.529618
885,40,2000,1000,5.95,248.0694513
886,70,2000,2000,5.95,275.1848168
887,60,4000,1000,5.95,256.2619176
888,40,2500,1000,5.95,250.8451623
889,70,2000,1000,5.95,255.865271
890,50,2500,3000,5.95,317.484604
891,40,3000,3000,5.95,298.680596
892,80,3500,1500,5.95,264.1117113
893,50,2500,2500,5.95,288.7505148
894,70,3500,3000,5.95,293.3679522
895,50,3000,1000,5.95,257.0215296
896,80,2500,2000,5.95,278.8915813
897,60,2000,3000,5.95,338.9745562
898,60,3000,1000,5.95,259.0642543
899,60,2000,1500,5.95,262.8656081
900,70,2000,1500,5.95,265.0637086
901,50,2500,1000,5.95,253.3673273
902,40,4000,2500,5.95,279.6100398
903,70,3500,1500,5.95,263.4281023
904,80,2000,2500,5.95,313.5851394
905,50,4000,2500,5.95,276.6643556
906,80,3500,2500,5.95,285.9943229
907,60,3500,2000,5.95,270.0462891
908,70,2000,3000,5.95,341.4358577
909,60,3500,2500,5.95,283.6643621
910,60,3000,2000,5.95,273.6158332
911,40,2500,1500,5.95,259.841703
912,80,2500,3000,5.95,322.1469994
913,50,3000,2000,5.95,272.2541004
914,70,4000,2500,5.95,279.5171265
915,50,2000,1000,5.95,250.887377
916,40,2500,3000,5.95,316.9443379
917,80,2500,1500,5.95,263.9347888
918,40,3000,2500,5.95,287.4201009
919,50,3500,2500,5.95,282.4933177
920,60,2000,1000,5.95,253.8901748
921,40,3500,1000,5.95,255.6808437
922,40,3000,1000,5.95,254.4397158
923,70,4000,1000,5.95,256.8045098
924,40,3500,3000,5.95,292.0115736
925,80,4000,1000,5.95,255.1883147
926,50,2000,1500,5.95,260.3103585
927,40,2000,1500,5.95,258.6608283
928,60,3500,3000,5.95,292.0413358
929,60,4000,2500,5.95,280.2396241
930,70,2500,3000,5.95,321.2887145
931,60,4000,3000,5.95,290.5547666
932,70,2000,2500,5.95,311.4933271
933,50,3500,1000,5.95,257.4531381
934,40,4000,1500,5.95,258.5061054
935,80,4000,1500,5.95,264.7173233
936,60,2500,3000,5.95,319.2432463
937,60,2500,1500,5.95,261.3617672
938,80,3500,3000,5.95,294.0670549
939,70,2500,2000,5.95,277.9387844
940,60,2500,1000,5.95,256.1886203
941,40,2000,2500,5.95,303.4576831
942,70,3500,2500,5.95,285.2377875
943,70,3500,1000,5.95,259.5223222
944,80,2000,1500,5.95,266.1534632
945,40,4000,2000,5.95,268.006973
946,60,4000,2000,5.95,270.347
947,70,3000,1500,5.95,264.2419257
948,80,2000,2000,5.95,276.1158085
949,50,3500,2000,5.95,268.3621106
950,40,3500,2500,5.95,282.6806066
951,80,3000,3000,5.95,300.6615253
952,80,4000,3000,5.95,292.5926053
953,60,2000,2500,5.95,306.1182492
954,60,2000,2000,5.95,273.4399859
955,70,4000,2000,5.95,270.369865
956,80,3000,1000,5.95,260.2369515
957,80,3500,2000,5.95,272.8083011
958,50,2000,2500,5.95,304.1332977
959,80,3000,2500,5.95,288.8801315
960,40,2000,3000,5.95,330.0303958
961,70,4000,1500,5.95,264.3767554
962,80,4000,2000,5.95,272.8236515
963,40,3000,2000,5.95,272.9781344
964,40,4000,3000,5.95,290.5410097
965,70,2500,1500,5.95,263.1137921
966,50,3000,2500,5.95,285.3351062
967,80,2000,3000,5.95,341.9403973
968,80,2500,1000,5.95,258.356872
969,80,3000,2000,5.95,276.6202495
970,80,2500,2500,5.95,292.3643818
971,60,4000,1500,5.95,262.5281087
972,40,2000,2000,5.95,271.9894202
973,50,3500,1500,5.95,259.0069757
974,70,3000,3000,5.95,300.3251789
975,60,3000,3000,5.95,298.1302925
976,60,3000,2500,5.95,286.1446806
977,50,3000,3000,5.95,297.424109
978,70,4000,3000,5.95,292.5645097
979,40,3500,1500,5.95,257.5199669
980,50,4000,1000,5.95,256.0745205
981,40,4000,1000,5.95,254.9146461
982,70,3000,2000,5.95,276.1189066
983,60,3500,1000,5.95,259.0099421
984,50,4000,3000,5.95,290.3816692
985,70,3000,2500,5.95,284.1725807
986,50,2000,2000,5.95,272.0415889
987,70,2500,1000,5.95,257.9951924
988,80,2000,1000,5.95,256.5163862
989,50,4000,1500,5.95,260.2034087
990,40,2500,2000,5.95,274.0135105
991,70,3500,2000,5.95,271.8965079
992,80,3500,1000,5.95,259.0386906
993,50,2500,2000,5.95,274.6063345
994,50,3000,1500,5.95,259.0109665
995,40,3500,2000,5.95,268.3966327
996,80,4000,2500,5.95,282.5991607
997,50,2500,1500,5.95,260.3589373
998,50,2000,3000,5.95,332.4971871
999,70,3000,1000,5.95,260.4347504
1000,50,3500,3000,6.8,273.6147256
1001,80,3000,1500,6.8,257.6533683
1002,60,3500,1500,6.8,256.4801282
1003,60,3000,1500,6.8,255.0259335
1004,40,2500,2500,6.8,270.9861623
1005,60,2500,2000,6.8,261.4157424
1006,50,4000,2000,6.8,257.0993322
1007,40,3000,1500,6.8,251.3801972
1008,60,2500,2500,6.8,271.63566
1009,70,2500,2500,6.8,273.6174162
1010,40,2000,1000,6.8,246.1821055
1011,70,2000,2000,6.8,262.4198128
1012,60,4000,1000,6.8,234.0683979
1013,40,2500,1000,6.8,249.5025643
1014,70,2000,1000,6.8,252.5924258
1015,50,2500,3000,6.8,281.461065
1016,40,3000,3000,6.8,279.1413673
1017,80,3500,1500,6.8,257.8927961
1018,50,2500,2500,6.8,270.4024618
1019,70,3500,3000,6.8,276.3526738
1020,50,3000,1000,6.8,251.4057352
1021,80,2500,2000,6.8,264.9684746
1022,60,2000,3000,6.8,295.9366937
1023,60,3000,1000,6.8,251.5940504
1024,60,2000,1500,6.8,252.4301928
1025,70,2000,1500,6.8,254.9720117
1026,50,2500,1000,6.8,251.011071
1027,40,4000,2500,6.8,264.4655804
1028,70,3500,1500,6.8,257.785801
1029,80,2000,2500,6.8,277.3166404
1030,50,4000,2500,6.8,262.3483543
1031,80,3500,2500,6.8,270.4119355
1032,60,3500,2000,6.8,259.1292616
1033,70,2000,3000,6.8,298.1346406
1034,60,3500,2500,6.8,267.4694779
1035,60,3000,2000,6.8,260.7431
1036,40,2500,1500,6.8,250.4547754
1037,80,2500,3000,6.8,285.4558977
1038,50,3000,2000,6.8,258.8765323
1039,70,4000,2500,6.8,265.9611864
1040,50,2000,1000,6.8,248.7290488
1041,40,2500,3000,6.8,281.6591719
1042,80,2500,1500,6.8,255.9854206
1043,40,3000,2500,6.8,269.9579384
1044,50,3500,2500,6.8,265.9065837
1045,60,2000,1000,6.8,251.240874
1046,40,3500,1000,6.8,246.7016851
1047,40,3000,1000,6.8,250.4742744
1048,70,4000,1000,6.8,234.0986174
1049,40,3500,3000,6.8,274.4588459
1050,80,4000,1000,6.8,230.0402555
1051,50,2000,1500,6.8,249.4951873
1052,40,2000,1500,6.8,248.0854843
1053,60,3500,3000,6.8,274.6689758
1054,60,4000,2500,6.8,265.6740375
1055,70,2500,3000,6.8,284.6223002
1056,60,4000,3000,6.8,272.5650949
1057,70,2000,2500,6.8,275.6375928
1058,50,3500,1000,6.8,246.3181865
1059,40,4000,1500,6.8,255.292963
1060,80,4000,1500,6.8,257.7855126
1061,60,2500,3000,6.8,282.7711258
1062,60,2500,1500,6.8,252.9682539
1063,80,3500,3000,6.8,277.3561541
1064,70,2500,2000,6.8,263.7210243
1065,60,2500,1000,6.8,252.7593793
1066,40,2000,2500,6.8,271.1671891
1067,70,3500,2500,6.8,269.3998869
1068,70,3500,1000,6.8,244.7509771
1069,80,2000,1500,6.8,256.2359049
1070,40,4000,2000,6.8,257.7449757
1071,60,4000,2000,6.8,260.4645386
1072,70,3000,1500,6.8,257.1868083
1073,80,2000,2000,6.8,263.807498
1074,50,3500,2000,6.8,257.0959854
1075,40,3500,2500,6.8,266.288336
1076,80,3000,3000,6.8,281.434216
1077,80,4000,3000,6.8,275.1966124
1078,60,2000,2500,6.8,272.9366893
1079,60,2000,2000,6.8,260.1496438
1080,70,4000,2000,6.8,260.9565892
1081,80,3000,1000,6.8,250.091234
1082,80,3500,2000,6.8,262.1309582
1083,50,2000,2500,6.8,271.1876973
1084,80,3000,2500,6.8,272.7694919
1085,40,2000,3000,6.8,289.2493638
1086,70,4000,1500,6.8,258.4147596
1087,80,4000,2000,6.8,262.8310908
1088,40,3000,2000,6.8,259.2298941
1089,40,4000,3000,6.8,272.1670187
1090,70,2500,1500,6.8,255.0783941
1091,50,3000,2500,6.8,268.3601759
1092,80,2000,3000,6.8,298.6048805
1093,80,2500,1000,6.8,252.7100438
1094,80,3000,2000,6.8,264.1537145
1095,80,2500,2500,6.8,274.7451052
1096,60,4000,1500,6.8,257.5767412
1097,40,2000,2000,6.8,258.3699734
1098,50,3500,1500,6.8,254.3154493
1099,70,3000,3000,6.8,280.8287849
1100,60,3000,3000,6.8,278.4686147
1101,60,3000,2500,6.8,269.510841
1102,50,3000,3000,6.8,277.6647554
1103,70,4000,3000,6.8,274.7740178
1104,40,3500,1500,6.8,252.9906301
1105,50,4000,1000,6.8,237.074488
1106,40,4000,1000,6.8,237.5242149
1107,70,3000,2000,6.8,263.3159743
1108,60,3500,1000,6.8,245.9763533
1109,50,4000,3000,6.8,271.9144043
1110,70,3000,2500,6.8,269.3275259
1111,50,2000,2000,6.8,258.3733436
1112,70,2500,1000,6.8,253.3927832
1113,80,2000,1000,6.8,252.6112155
1114,50,4000,1500,6.8,256.0983152
1115,40,2500,2000,6.8,259.5355356
1116,70,3500,2000,6.8,261.1887221
1117,80,3500,1000,6.8,242.8171145
1118,50,2500,2000,6.8,259.5748476
1119,50,3000,1500,6.8,252.6311131
1120,40,3500,2000,6.8,256.8679905
1121,80,4000,2500,6.8,268.5161354
1122,50,2500,1500,6.8,251.2594967
1123,50,2000,3000,6.8,290.8983251
1124,70,3000,1000,6.8,251.7674947
1125,50,3500,3000,7.65,260.3387122
1126,80,3000,1500,7.65,252.981083
1127,60,3500,1500,7.65,253.0420322
1128,60,3000,1500,7.65,252.3222904
1129,40,2500,2500,7.65,257.2919091
1130,60,2500,2000,7.65,251.8478398
1131,50,4000,2000,7.65,253.2407468
1132,40,3000,1500,7.65,249.4684876
1133,60,2500,2500,7.65,258.4800118
1134,70,2500,2500,7.65,260.7745636
1135,40,2000,1000,7.65,245.4741926
1136,70,2000,2000,7.65,252.6329959
1137,60,4000,1000,7.65,198.8604578
1138,40,2500,1000,7.65,245.3584888
1139,70,2000,1000,7.65,248.5343522
1140,50,2500,3000,7.65,265.2989508
1141,40,3000,3000,7.65,264.2306747
1142,80,3500,1500,7.65,251.6701817
1143,50,2500,2500,7.65,256.8441755
1144,70,3500,3000,7.65,263.7640832
1145,50,3000,1000,7.65,237.089679
1146,80,2500,2000,7.65,255.7215906
1147,60,2000,3000,7.65,270.445739
1148,60,3000,1000,7.65,235.2404338
1149,60,2000,1500,7.65,246.6999429
1150,70,2000,1500,7.65,249.3073695
1151,50,2500,1000,7.65,245.2807979
1152,40,4000,2500,7.65,255.3256456
1153,70,3500,1500,7.65,252.8661696
1154,80,2000,2500,7.65,263.4784724
1155,50,4000,2500,7.65,253.8690711
1156,80,3500,2500,7.65,260.1361234
1157,60,3500,2000,7.65,253.6209306
1158,70,2000,3000,7.65,272.5714288
1159,60,3500,2500,7.65,256.9968344
1160,60,3000,2000,7.65,253.1611587
1161,40,2500,1500,7.65,246.309076
1162,80,2500,3000,7.65,270.0070734
1163,50,3000,2000,7.65,250.8582824
1164,70,4000,2500,7.65,257.770147
1165,50,2000,1000,7.65,247.1165888
1166,40,2500,3000,7.65,265.5561087
1167,80,2500,1500,7.65,251.5952654
1168,40,3000,2500,7.65,257.0192836
1169,50,3500,2500,7.65,254.99001
1170,60,2000,1000,7.65,248.4162609
1171,40,3500,1000,7.65,225.2286889
1172,40,3000,1000,7.65,238.9012109
1173,70,4000,1000,7.65,198.9812754
1174,40,3500,3000,7.65,261.0727563
1175,80,4000,1000,7.65,193.3663138
1176,50,2000,1500,7.65,243.5263181
1177,40,2000,1500,7.65,242.1745306
1178,60,3500,3000,7.65,261.7925138
1179,60,4000,2500,7.65,257.0337801
1180,70,2500,3000,7.65,268.9305184
1181,60,4000,3000,7.65,260.5466989
1182,70,2000,2500,7.65,262.2359399
1183,50,3500,1000,7.65,222.691095
1184,40,4000,1500,7.65,253.0279283
1185,80,4000,1500,7.65,247.8705353
1186,60,2500,3000,7.65,266.8257013
1187,60,2500,1500,7.65,249.299748
1188,80,3500,3000,7.65,264.8481158
1189,70,2500,2000,7.65,254.4142842
1190,60,2500,1000,7.65,245.3488322
1191,40,2000,2500,7.65,257.9603372
1192,70,3500,2500,7.65,259.1439188
1193,70,3500,1000,7.65,218.2759111
1194,80,2000,1500,7.65,250.4190555
1195,40,4000,2000,7.65,253.716298
1196,60,4000,2000,7.65,255.7321671
1197,70,3000,1500,7.65,253.2492464
1198,80,2000,2000,7.65,254.1777702
1199,50,3500,2000,7.65,251.5549114
1200,40,3500,2500,7.65,255.2380498
1201,80,3000,3000,7.65,267.3891472
1202,80,4000,3000,7.65,263.4238257
1203,60,2000,2500,7.65,260.1552195
1204,60,2000,2000,7.65,250.0056129
1205,70,4000,2000,7.65,255.8862042
1206,80,3000,1000,7.65,231.2906964
1207,80,3500,2000,7.65,255.8756537
1208,50,2000,2500,7.65,258.0890855
1209,80,3000,2500,7.65,261.3335777
1210,40,2000,3000,7.65,267.0485593
1211,70,4000,1500,7.65,250.4769244
1212,80,4000,2000,7.65,256.5274814
1213,40,3000,2000,7.65,250.6900866
1214,40,4000,3000,7.65,259.5043667
1215,70,2500,1500,7.65,251.1281627
1216,50,3000,2500,7.65,256.1678213
1217,80,2000,3000,7.65,273.1949514
1218,80,2500,1000,7.65,242.2909796
1219,80,3000,2000,7.65,256.3465276
1220,80,2500,2500,7.65,262.1091334
1221,60,4000,1500,7.65,251.0844828
1222,40,2000,2000,7.65,247.8712557
1223,50,3500,1500,7.65,252.3359866
1224,70,3000,3000,7.65,266.5448504
1225,60,3000,3000,7.65,264.058995
1226,60,3000,2500,7.65,257.8226478
1227,50,3000,3000,7.65,262.8864442
1228,70,4000,3000,7.65,262.803253
1229,40,3500,1500,7.65,252.1564358
1230,50,4000,1000,7.65,204.6192356
1231,40,4000,1000,7.65,205.3383371
1232,70,3000,2000,7.65,255.5317135
1233,60,3500,1000,7.65,220.7321013
1234,50,4000,3000,7.65,259.289761
1235,70,3000,2500,7.65,258.5679411
1236,50,2000,2000,7.65,247.7788156
1237,70,2500,1000,7.65,244.3551526
1238,80,2000,1000,7.65,247.4296307
1239,50,4000,1500,7.65,252.1855292
1240,40,2500,2000,7.65,249.5398026
1241,70,3500,2000,7.65,255.4057279
1242,80,3500,1000,7.65,215.3139762
1243,50,2500,2000,7.65,249.5775746
1244,50,3000,1500,7.65,250.5723684
1245,40,3500,2000,7.65,251.1637529
1246,80,4000,2500,7.65,259.6344847
1247,50,2500,1500,7.65,247.3035866
1248,50,2000,3000,7.65,268.415878
1249,70,3000,1000,7.65,234.769211
1250,50,3500,3000,8.5,252.4250278
1251,80,3000,1500,8.5,246.3264624
1252,60,3500,1500,8.5,245.0117155
1253,60,3000,1500,8.5,248.7466109
1254,40,2500,2500,8.5,248.1939547
1255,60,2500,2000,8.5,247.5965297
1256,50,4000,2000,8.5,252.0457255
1257,40,3000,1500,8.5,249.2880893
1258,60,2500,2500,8.5,250.3697359
1259,70,2500,2500,8.5,252.8635263
1260,40,2000,1000,8.5,240.8052709
1261,70,2000,2000,8.5,247.2523158
1262,60,4000,1000,8.5,157.2683056
1263,40,2500,1000,8.5,231.6113191
1264,70,2000,1000,8.5,240.0279833
1265,50,2500,3000,8.5,254.0720724
1266,40,3000,3000,8.5,253.8136104
1267,80,3500,1500,8.5,240.2467847
1268,50,2500,2500,8.5,248.2036585
1269,70,3500,3000,8.5,256.3175605
1270,50,3000,1000,8.5,210.7647353
1271,80,2500,2000,8.5,250.8856253
1272,60,2000,3000,8.5,258.8057894
1273,60,3000,1000,8.5,207.5269741
1274,60,2000,1500,8.5,245.171777
1275,70,2000,1500,8.5,247.2662765
1276,50,2500,1000,8.5,230.0543698
1277,40,4000,2500,8.5,252.2752404
1278,70,3500,1500,8.5,242.928457
1279,80,2000,2500,8.5,254.3010644
1280,50,4000,2500,8.5,251.2101572
1281,80,3500,2500,8.5,254.4894345
1282,60,3500,2000,8.5,251.6302775
1283,70,2000,3000,8.5,260.9217093
1284,60,3500,2500,8.5,252.3503843
1285,60,3000,2000,8.5,250.4597517
1286,40,2500,1500,8.5,246.3189685
1287,80,2500,3000,8.5,259.6693497
1288,50,3000,2000,8.5,248.3328259
1289,70,4000,2500,8.5,253.927686
1290,50,2000,1000,8.5,241.2961297
1291,40,2500,3000,8.5,254.0130318
1292,80,2500,1500,8.5,248.2363959
1293,40,3000,2500,8.5,249.6271356
1294,50,3500,2500,8.5,250.2593698
1295,60,2000,1000,8.5,241.2120421
1296,40,3500,1000,8.5,189.492532
1297,40,3000,1000,8.5,214.100093
1298,70,4000,1000,8.5,157.3682849
1299,40,3500,3000,8.5,252.7563056
1300,80,4000,1000,8.5,151.2161154
1301,50,2000,1500,8.5,242.2216288
1302,40,2000,1500,8.5,240.9318639
1303,60,3500,3000,8.5,254.3020892
1304,60,4000,2500,8.5,253.6966736
1305,70,2500,3000,8.5,258.4826089
1306,60,4000,3000,8.5,254.6080423
1307,70,2000,2500,8.5,253.18657
1308,50,3500,1000,8.5,188.3952252
1309,40,4000,1500,8.5,241.2119326
1310,80,4000,1500,8.5,229.2297054
1311,60,2500,3000,8.5,256.0825154
1312,60,2500,1500,8.5,248.1262029
1313,80,3500,3000,8.5,257.1183439
1314,70,2500,2000,8.5,249.9971475
1315,60,2500,1000,8.5,228.9110741
1316,40,2000,2500,8.5,248.0612032
1317,70,3500,2500,8.5,254.1308125
1318,70,3500,1000,8.5,182.602879
1319,80,2000,1500,8.5,247.7028104
1320,40,4000,2000,8.5,253.1800115
1321,60,4000,2000,8.5,252.3577073
1322,70,3000,1500,8.5,248.203233
1323,80,2000,2000,8.5,248.6814727
1324,50,3500,2000,8.5,250.5187705
1325,40,3500,2500,8.5,250.2096947
1326,80,3000,3000,8.5,258.1625804
1327,80,4000,3000,8.5,256.6854964
1328,60,2000,2500,8.5,250.9418765
1329,60,2000,2000,8.5,244.442939
1330,70,4000,2000,8.5,251.2019847
1331,80,3000,1000,8.5,202.7114894
1332,80,3500,2000,8.5,251.4476195
1333,50,2000,2500,8.5,248.5248423
1334,80,3000,2500,8.5,254.6858371
1335,40,2000,3000,8.5,255.5783055
1336,70,4000,1500,8.5,234.0160271
1337,80,4000,2000,8.5,249.7896048
1338,40,3000,2000,8.5,247.8739155
1339,40,4000,3000,8.5,252.8795409
1340,70,2500,1500,8.5,248.8451578
1341,50,3000,2500,8.5,249.4864353
1342,80,2000,3000,8.5,261.7940013
1343,80,2500,1000,8.5,223.8175058
1344,80,3000,2000,8.5,252.094015
1345,80,2500,2500,8.5,254.1571831
1346,60,4000,1500,8.5,235.7959091
1347,40,2000,2000,8.5,241.489781
1348,50,3500,1500,8.5,246.6824955
1349,70,3000,3000,8.5,257.2692692
1350,60,3000,3000,8.5,254.7788035
1351,60,3000,2500,8.5,251.6090744
1352,50,3000,3000,8.5,253.025171
1353,70,4000,3000,8.5,256.4325169
1354,40,3500,1500,8.5,248.2263598
1355,50,4000,1000,8.5,163.6107555
1356,40,4000,1000,8.5,160.713258
1357,70,3000,2000,8.5,252.0531618
1358,60,3500,1000,8.5,185.4578405
1359,50,4000,3000,8.5,252.9508087
1360,70,3000,2500,8.5,252.6871464
1361,50,2000,2000,8.5,241.7362048
1362,70,2500,1000,8.5,226.852712
1363,80,2000,1000,8.5,237.8049637
1364,50,4000,1500,8.5,240.0163634
1365,40,2500,2000,8.5,244.7456267
1366,70,3500,2000,8.5,252.2026605
1367,80,3500,1000,8.5,179.4424782
1368,50,2500,2000,8.5,245.1264473
1369,50,3000,1500,8.5,248.8567844
1370,40,3500,2000,8.5,250.5394726
1371,80,4000,2500,8.5,254.4324914
1372,50,2500,1500,8.5,246.7950089
1373,50,2000,3000,8.5,256.8435335
1374,70,3000,1000,8.5,207.3187515
1375,50,3500,3000,9.35,248.4044119
1376,80,3000,1500,9.35,235.4915706
1377,60,3500,1500,9.35,230.0003667
1378,60,3000,1500,9.35,240.5827935
1379,40,2500,2500,9.35,242.5779778
1380,60,2500,2000,9.35,246.339638
1381,50,4000,2000,9.35,247.8318231
1382,40,3000,1500,9.35,245.0411582
1383,60,2500,2500,9.35,245.9005754
1384,70,2500,2500,9.35,248.3778749
1385,40,2000,1000,9.35,229.765409
1386,70,2000,2000,9.35,244.768008
1387,60,4000,1000,9.35,115.5382938
1388,40,2500,1000,9.35,208.9162039
1389,70,2000,1000,9.35,226.8116704
1390,50,2500,3000,9.35,246.0329869
1391,40,3000,3000,9.35,246.8464257
1392,80,3500,1500,9.35,222.6992938
1393,50,2500,2500,9.35,243.2341554
1394,70,3500,3000,9.35,252.0282615
1395,50,3000,1000,9.35,179.2786204
1396,80,2500,2000,9.35,248.0383763
1397,60,2000,3000,9.35,250.1577901
1398,60,3000,1000,9.35,175.5222541
1399,60,2000,1500,9.35,245.0880064
1400,70,2000,1500,9.35,246.170201
1401,50,2500,1000,9.35,207.7511424
1402,40,4000,2500,9.35,251.8798083
1403,70,3500,1500,9.35,226.4077602
1404,80,2000,2500,9.35,248.2025815
1405,50,4000,2500,9.35,250.6710333
1406,80,3500,2500,9.35,250.310819
1407,60,3500,2000,9.35,248.7518932
1408,70,2000,3000,9.35,252.4344499
1409,60,3500,2500,9.35,250.4838447
1410,60,3000,2000,9.35,249.1531739
1411,40,2500,1500,9.35,246.4688903
1412,80,2500,3000,9.35,252.4300083
1413,50,3000,2000,9.35,248.1176161
1414,70,4000,2500,9.35,250.4407218
1415,50,2000,1000,9.35,229.6396285
1416,40,2500,3000,9.35,245.4021184
1417,80,2500,1500,9.35,243.0063669
1418,40,3000,2500,9.35,246.103438
1419,50,3500,2500,9.35,249.0084571
1420,60,2000,1000,9.35,228.7679688
1421,40,3500,1000,9.35,147.185133
1422,40,3000,1000,9.35,180.6816526
1423,70,4000,1000,9.35,115.8421464
1424,40,3500,3000,9.35,248.1500896
1425,80,4000,1000,9.35,109.4218898
1426,50,2000,1500,9.35,242.937967
1427,40,2000,1500,9.35,242.0088527
1428,60,3500,3000,9.35,250.4416904
1429,60,4000,2500,9.35,251.5176411
1430,70,2500,3000,9.35,251.2888254
1431,60,4000,3000,9.35,251.9581327
1432,70,2000,2500,9.35,247.1883096
1433,50,3500,1000,9.35,150.1056116
1434,40,4000,1500,9.35,216.742888
1435,80,4000,1500,9.35,203.779523
1436,60,2500,3000,9.35,248.6505115
1437,60,2500,1500,9.35,245.7395327
1438,80,3500,3000,9.35,252.0788835
1439,70,2500,2000,9.35,248.0268976
1440,60,2500,1000,9.35,205.9694286
1441,40,2000,2500,9.35,240.7728509
1442,70,3500,2500,9.35,251.1630988
1443,70,3500,1000,9.35,144.82798
1444,80,2000,1500,9.35,245.573436
1445,40,4000,2000,9.35,249.6403325
1446,60,4000,2000,9.35,245.3285115
1447,70,3000,1500,9.35,239.0028349
1448,80,2000,2000,9.35,245.8029736
1449,50,3500,2000,9.35,249.4557346
1450,40,3500,2500,9.35,248.8135331
1451,80,3000,3000,9.35,252.1748933
1452,80,4000,3000,9.35,251.9143699
1453,60,2000,2500,9.35,244.6999984
1454,60,2000,2000,9.35,242.0464682
1455,70,4000,2000,9.35,242.747012
1456,80,3000,1000,9.35,170.8317932
1457,80,3500,2000,9.35,245.2154332
1458,50,2000,2500,9.35,241.8026784
1459,80,3000,2500,9.35,250.5560991
1460,40,2000,3000,9.35,246.2918752
1461,70,4000,1500,9.35,210.1947534
1462,80,4000,2000,9.35,239.1293119
1463,40,3000,2000,9.35,247.9380295
1464,40,4000,3000,9.35,250.1883042
1465,70,2500,1500,9.35,244.9371283
1466,50,3000,2500,9.35,246.6281566
1467,80,2000,3000,9.35,253.4605159
1468,80,2500,1000,9.35,200.1723018
1469,80,3000,2000,9.35,248.1061252
1470,80,2500,2500,9.35,249.3363326
1471,60,4000,1500,9.35,212.4095576
1472,40,2000,2000,9.35,238.1349938
1473,50,3500,1500,9.35,233.3430672
1474,70,3000,3000,9.35,251.5336403
1475,60,3000,3000,9.35,249.2474704
1476,60,3000,2500,9.35,248.8667831
1477,50,3000,3000,9.35,246.8910069
1478,70,4000,3000,9.35,252.7276241
1479,40,3500,1500,9.35,235.067958
1480,50,4000,1000,9.35,120.2264573
1481,40,4000,1000,9.35,112.8611704
1482,70,3000,2000,9.35,249.4651573
1483,60,3500,1000,9.35,147.9622235
1484,50,4000,3000,9.35,250.5137204
1485,70,3000,2500,9.35,249.6785413
1486,50,2000,2000,9.35,238.9347285
1487,70,2500,1000,9.35,203.6010175
1488,80,2000,1000,9.35,223.8992096
1489,50,4000,1500,9.35,218.0488108
1490,40,2500,2000,9.35,243.4372517
1491,70,3500,2000,9.35,247.5065632
1492,80,3500,1000,9.35,141.735074
1493,50,2500,2000,9.35,244.0775676
1494,50,3000,1500,9.35,242.8692806
1495,40,3500,2000,9.35,250.5578296
1496,80,4000,2500,9.35,249.0152126
1497,50,2500,1500,9.35,245.7932112
1498,50,2000,3000,9.35,247.7924983
1499,70,3000,1000,9.35,175.9315057
1500,50,3500,3000,10.2,246.6332921
1501,80,3000,1500,10.2,208.4406655
1502,60,3500,1500,10.2,194.8682031
1503,60,3000,1500,10.2,214.8721676
1504,40,2500,2500,10.2,240.2462457
1505,60,2500,2000,10.2,244.2878903
1506,50,4000,2000,10.2,223.5690418
1507,40,3000,1500,10.2,217.8429778
1508,60,2500,2500,10.2,244.0036697
1509,70,2500,2500,10.2,245.4519831
1510,40,2000,1000,10.2,198.4743813
1511,70,2000,2000,10.2,243.4131169
1512,60,4000,1000,10.2,70.87158233
1513,40,2500,1000,10.2,164.0380593
1514,70,2000,1000,10.2,198.8052196
1515,50,2500,3000,10.2,241.1103345
1516,40,3000,3000,10.2,243.1034155
1517,80,3500,1500,10.2,186.9713918
1518,50,2500,2500,10.2,241.5461905
1519,70,3500,3000,10.2,247.181311
1520,50,3000,1000,10.2,131.7474487
1521,80,2500,2000,10.2,242.4039046
1522,60,2000,3000,10.2,243.8954023
1523,60,3000,1000,10.2,130.2431865
1524,60,2000,1500,10.2,241.2388165
1525,70,2000,1500,10.2,240.6311336
1526,50,2500,1000,10.2,167.7073931
1527,40,4000,2500,10.2,242.0005527
1528,70,3500,1500,10.2,191.0701616
1529,80,2000,2500,10.2,244.0856445
1530,50,4000,2500,10.2,242.1845913
1531,80,3500,2500,10.2,240.5354935
1532,60,3500,2000,10.2,233.3611692
1533,70,2000,3000,10.2,246.2127247
1534,60,3500,2500,10.2,245.1932323
1535,60,3000,2000,10.2,241.3807144
1536,40,2500,1500,10.2,233.9422879
1537,80,2500,3000,10.2,246.7747136
1538,50,3000,2000,10.2,242.6011153
1539,70,4000,2500,10.2,237.689034
1540,50,2000,1000,10.2,201.0424724
1541,40,2500,3000,10.2,239.3274691
1542,80,2500,1500,10.2,227.1007804
1543,40,3000,2500,10.2,244.8790488
1544,50,3500,2500,10.2,245.7124442
1545,60,2000,1000,10.2,200.576899
1546,40,3500,1000,10.2,92.17273443
1547,40,3000,1000,10.2,128.2331835
1548,70,4000,1000,10.2,72.50823337
1549,40,3500,3000,10.2,246.1961551
1550,80,4000,1000,10.2,67.41731772
1551,50,2000,1500,10.2,240.7698122
1552,40,2000,1500,10.2,240.4225237
1553,60,3500,3000,10.2,247.4703613
1554,60,4000,2500,10.2,240.3915413
1555,70,2500,3000,10.2,246.4359512
1556,60,4000,3000,10.2,247.0459209
1557,70,2000,2500,10.2,243.7223404
1558,50,3500,1000,10.2,100.5232624
1559,40,4000,1500,10.2,164.6600362
1560,80,4000,1500,10.2,161.1726283
1561,60,2500,3000,10.2,244.2146787
1562,60,2500,1500,10.2,232.4283457
1563,80,3500,3000,10.2,245.4236377
1564,70,2500,2000,10.2,244.096601
1565,60,2500,1000,10.2,167.0364949
1566,40,2000,2500,10.2,235.9644008
1567,70,3500,2500,10.2,243.4057712
1568,70,3500,1000,10.2,98.84361929
1569,80,2000,1500,10.2,238.6328579
1570,40,4000,2000,10.2,221.2065248
1571,60,4000,2000,10.2,219.9265424
1572,70,3000,1500,10.2,213.2713988
1573,80,2000,2000,10.2,243.2234943
1574,50,3500,2000,10.2,235.4909738
1575,40,3500,2500,10.2,245.7005115
1576,80,3000,3000,10.2,246.6755334
1577,80,4000,3000,10.2,242.3460303
1578,60,2000,2500,10.2,241.4822189
1579,60,2000,2000,10.2,241.7599335
1580,70,4000,2000,10.2,217.1948841
1581,80,3000,1000,10.2,126.7161233
1582,80,3500,2000,10.2,226.276728
1583,50,2000,2500,10.2,238.1569125
1584,80,3000,2500,10.2,244.3896208
1585,40,2000,3000,10.2,238.184118
1586,70,4000,1500,10.2,168.0933504
1587,80,4000,2000,10.2,211.410815
1588,40,3000,2000,10.2,242.9387049
1589,40,4000,3000,10.2,247.2039132
1590,70,2500,1500,10.2,230.2582474
1591,50,3000,2500,10.2,245.4546749
1592,80,2000,3000,10.2,246.9222647
1593,80,2500,1000,10.2,162.272459
1594,80,3000,2000,10.2,236.525378
1595,80,2500,2500,10.2,245.1396465
1596,60,4000,1500,10.2,168.9433657
1597,40,2000,2000,10.2,237.6887734
1598,50,3500,1500,10.2,196.8310169
1599,70,3000,3000,10.2,247.3324123
1600,60,3000,3000,10.2,246.21302
1601,60,3000,2500,10.2,246.3113102
1602,50,3000,3000,10.2,244.0964816
1603,70,4000,3000,10.2,245.602489
1604,40,3500,1500,10.2,193.6608061
1605,50,4000,1000,10.2,71.66225473
1606,40,4000,1000,10.2,60.52696381
1607,70,3000,2000,10.2,240.0170357
1608,60,3500,1000,10.2,101.1165314
1609,50,4000,3000,10.2,247.6026716
1610,70,3000,2500,10.2,245.6990061
1611,50,2000,2000,10.2,239.0145805
1612,70,2500,1000,10.2,165.3219482
1613,80,2000,1000,10.2,195.9670793
1614,50,4000,1500,10.2,172.5027171
1615,40,2500,2000,10.2,243.1367163
1616,70,3500,2000,10.2,230.0866481
1617,80,3500,1000,10.2,96.21870698
1618,50,2500,2000,10.2,243.5344865
1619,50,3000,1500,10.2,217.6675854
1620,40,3500,2000,10.2,235.463972
1621,80,4000,2500,10.2,233.4142457
1622,50,2500,1500,10.2,233.8865061
1623,50,2000,3000,10.2,240.7685648
1624,70,3000,1000,10.2,131.4666543
1625,50,3500,3000,11.05,243.678475
1626,80,3000,1500,11.05,191.8648406
1627,60,3500,1500,11.05,174.9726284
1628,60,3000,1500,11.05,198.019847
1629,40,2500,2500,11.05,239.3654671
1630,60,2500,2000,11.05,240.1887965
1631,50,4000,2000,11.05,205.0893901
1632,40,3000,1500,11.05,197.1946723
1633,60,2500,2500,11.05,242.8303551
1634,70,2500,2500,11.05,243.4767855
1635,40,2000,1000,11.05,178.5291764
1636,70,2000,2000,11.05,241.7511175
1637,60,4000,1000,11.05,58.37400523
1638,40,2500,1000,11.05,141.248477
1639,70,2000,1000,11.05,182.1487214
1640,50,2500,3000,11.05,240.6966168
1641,40,3000,3000,11.05,241.6790527
1642,80,3500,1500,11.05,167.9981884
1643,50,2500,2500,11.05,240.9192928
1644,70,3500,3000,11.05,242.8936397
1645,50,3000,1000,11.05,111.6887324
1646,80,2500,2000,11.05,237.0041013
1647,60,2000,3000,11.05,242.9324991
1648,60,3000,1000,11.05,111.7629257
1649,60,2000,1500,11.05,235.1219532
1650,70,2000,1500,11.05,234.0891228
1651,50,2500,1000,11.05,147.3593727
1652,40,4000,2500,11.05,227.7839815
1653,70,3500,1500,11.05,171.856926
1654,80,2000,2500,11.05,242.6542991
1655,50,4000,2500,11.05,231.0878849
1656,80,3500,2500,11.05,232.6099899
1657,60,3500,2000,11.05,220.4184088
1658,70,2000,3000,11.05,244.9066703
1659,60,3500,2500,11.05,238.4364212
1660,60,3000,2000,11.05,232.7395323
1661,40,2500,1500,11.05,219.3971719
1662,80,2500,3000,11.05,244.6615887
1663,50,3000,2000,11.05,233.8650091
1664,70,4000,2500,11.05,227.1659521
1665,50,2000,1000,11.05,183.4150917
1666,40,2500,3000,11.05,238.5024815
1667,80,2500,1500,11.05,215.0813705
1668,40,3000,2500,11.05,241.1422182
1669,50,3500,2500,11.05,238.9423556
1670,60,2000,1000,11.05,183.4972349
1671,40,3500,1000,11.05,72.50211778
1672,40,3000,1000,11.05,106.5968975
1673,70,4000,1000,11.05,61.82640314
1674,40,3500,3000,11.05,242.4894582
1675,80,4000,1000,11.05,58.81902367
1676,50,2000,1500,11.05,234.9460444
1677,40,2000,1500,11.05,233.5424092
1678,60,3500,3000,11.05,244.0298086
1679,60,4000,2500,11.05,229.5723681
1680,70,2500,3000,11.05,245.0517415
1681,60,4000,3000,11.05,240.8460996
1682,70,2000,2500,11.05,242.9356
1683,50,3500,1000,11.05,83.09334492
1684,40,4000,1500,11.05,138.7164512
1685,80,4000,1500,11.05,141.6525884
1686,60,2500,3000,11.05,243.50438
1687,60,2500,1500,11.05,220.6323041
1688,80,3500,3000,11.05,240.3826237
1689,70,2500,2000,11.05,239.3114845
1690,60,2500,1000,11.05,147.7777556
1691,40,2000,2500,11.05,235.6236568
1692,70,3500,2500,11.05,236.0816827
1693,70,3500,1000,11.05,84.02862588
1694,80,2000,1500,11.05,231.7565436
1695,40,4000,2000,11.05,199.0097722
1696,60,4000,2000,11.05,202.6211669
1697,70,3000,1500,11.05,196.9158822
1698,80,2000,2000,11.05,240.8252999
1699,50,3500,2000,11.05,221.5685239
1700,40,3500,2500,11.05,237.2371707
1701,80,3000,3000,11.05,243.4024822
1702,80,4000,3000,11.05,234.9222675
1703,60,2000,2500,11.05,241.2839776
1704,60,2000,2000,11.05,240.9068639
1705,70,4000,2000,11.05,200.7893758
1706,80,3000,1000,11.05,109.8382502
1707,80,3500,2000,11.05,213.0035168
1708,50,2000,2500,11.05,238.2291984
1709,80,3000,2500,11.05,239.2476909
1710,40,2000,3000,11.05,236.6002215
1711,70,4000,1500,11.05,147.9382004
1712,80,4000,2000,11.05,194.6967014
1713,40,3000,2000,11.05,232.5392762
1714,40,4000,3000,11.05,239.4531851
1715,70,2500,1500,11.05,218.3784201
1716,50,3000,2500,11.05,242.282423
1717,80,2000,3000,11.05,245.1113279
1718,80,2500,1000,11.05,144.0228901
1719,80,3000,2000,11.05,227.120997
1720,80,2500,2500,11.05,242.378775
1721,60,4000,1500,11.05,147.7463179
1722,40,2000,2000,11.05,237.2008288
1723,50,3500,1500,11.05,175.3559987
1724,70,3000,3000,11.05,244.890859
1725,60,3000,3000,11.05,244.5276247
1726,60,3000,2500,11.05,242.593271
1727,50,3000,3000,11.05,242.9888375
1728,70,4000,3000,11.05,239.0605948
1729,40,3500,1500,11.05,168.9201477
1730,50,4000,1000,11.05,56.39793245
1731,40,4000,1000,11.05,43.67204285
1732,70,3000,2000,11.05,231.2479515
1733,60,3500,1000,11.05,84.89360019
1734,50,4000,3000,11.05,241.6994604
1735,70,3000,2500,11.05,241.4797389
1736,50,2000,2000,11.05,238.731924
1737,70,2500,1000,11.05,146.5970652
1738,80,2000,1000,11.05,179.6363166
1739,50,4000,1500,11.05,149.4055786
1740,40,2500,2000,11.05,238.7109253
1741,70,3500,2000,11.05,217.1300448
1742,80,3500,1000,11.05,82.55046295
1743,50,2500,2000,11.05,239.8901262
1744,50,3000,1500,11.05,199.7280557
1745,40,3500,2000,11.05,218.6702518
1746,80,4000,2500,11.05,222.1108465
1747,50,2500,1500,11.05,221.6939584
1748,50,2000,3000,11.05,239.7321983
1749,70,3000,1000,11.05,113.6822869
1750,50,3500,3000,11.9,240.7236579
1751,80,3000,1500,11.9,175.2890156
1752,60,3500,1500,11.9,155.0770537
1753,60,3000,1500,11.9,181.1675263
1754,40,2500,2500,11.9,238.4846885
1755,60,2500,2000,11.9,236.0897028
1756,50,4000,2000,11.9,186.6097383
1757,40,3000,1500,11.9,176.5463669
1758,60,2500,2500,11.9,241.6570406
1759,70,2500,2500,11.9,241.5015879
1760,40,2000,1000,11.9,158.5839714
1761,70,2000,2000,11.9,240.0891181
1762,60,4000,1000,11.9,45.87642812
1763,40,2500,1000,11.9,118.4588946
1764,70,2000,1000,11.9,165.4922232
1765,50,2500,3000,11.9,240.282899
1766,40,3000,3000,11.9,240.25469
1767,80,3500,1500,11.9,149.024985
1768,50,2500,2500,11.9,240.292395
1769,70,3500,3000,11.9,238.6059684
1770,50,3000,1000,11.9,91.63001597
1771,80,2500,2000,11.9,231.6042979
1772,60,2000,3000,11.9,241.969596
1773,60,3000,1000,11.9,93.28266484
1774,60,2000,1500,11.9,229.00509
1775,70,2000,1500,11.9,227.547112
1776,50,2500,1000,11.9,127.0113523
1777,40,4000,2500,11.9,213.5674104
1778,70,3500,1500,11.9,152.6436904
1779,80,2000,2500,11.9,241.2229537
1780,50,4000,2500,11.9,219.9911785
1781,80,3500,2500,11.9,224.6844863
1782,60,3500,2000,11.9,207.4756484
1783,70,2000,3000,11.9,243.6006159
1784,60,3500,2500,11.9,231.6796101
1785,60,3000,2000,11.9,224.0983501
1786,40,2500,1500,11.9,204.8520559
1787,80,2500,3000,11.9,242.5484638
1788,50,3000,2000,11.9,225.1289028
1789,70,4000,2500,11.9,216.6428703
1790,50,2000,1000,11.9,165.787711
1791,40,2500,3000,11.9,237.677494
1792,80,2500,1500,11.9,203.0619605
1793,40,3000,2500,11.9,237.4053876
1794,50,3500,2500,11.9,232.172267
1795,60,2000,1000,11.9,166.4175709
1796,40,3500,1000,11.9,52.83150113
1797,40,3000,1000,11.9,84.96061145
1798,70,4000,1000,11.9,51.14457291
1799,40,3500,3000,11.9,238.7827613
1800,80,4000,1000,11.9,50.22072961
1801,50,2000,1500,11.9,229.1222767
1802,40,2000,1500,11.9,226.6622946
1803,60,3500,3000,11.9,240.5892559
1804,60,4000,2500,11.9,218.7531949
1805,70,2500,3000,11.9,243.6675318
1806,60,4000,3000,11.9,234.6462783
1807,70,2000,2500,11.9,242.1488595
1808,50,3500,1000,11.9,65.66342748
1809,40,4000,1500,11.9,112.7728662
1810,80,4000,1500,11.9,122.1325485
1811,60,2500,3000,11.9,242.7940812
1812,60,2500,1500,11.9,208.8362625
1813,80,3500,3000,11.9,235.3416097
1814,70,2500,2000,11.9,234.526368
1815,60,2500,1000,11.9,128.5190163
1816,40,2000,2500,11.9,235.2829127
1817,70,3500,2500,11.9,228.7575943
1818,70,3500,1000,11.9,69.21363247
1819,80,2000,1500,11.9,224.8802293
1820,40,4000,2000,11.9,176.8130196
1821,60,4000,2000,11.9,185.3157915
1822,70,3000,1500,11.9,180.5603655
1823,80,2000,2000,11.9,238.4271054
1824,50,3500,2000,11.9,207.6460741
1825,40,3500,2500,11.9,228.7738299
1826,80,3000,3000,11.9,240.129431
1827,80,4000,3000,11.9,227.4985048
1828,60,2000,2500,11.9,241.0857362
1829,60,2000,2000,11.9,240.0537944
1830,70,4000,2000,11.9,184.3838675
1831,80,3000,1000,11.9,92.96037702
1832,80,3500,2000,11.9,199.7303056
1833,50,2000,2500,11.9,238.3014843
1834,80,3000,2500,11.9,234.105761
1835,40,2000,3000,11.9,235.016325
1836,70,4000,1500,11.9,127.7830503
1837,80,4000,2000,11.9,177.9825877
1838,40,3000,2000,11.9,222.1398475
1839,40,4000,3000,11.9,231.702457
1840,70,2500,1500,11.9,206.4985927
1841,50,3000,2500,11.9,239.1101711
1842,80,2000,3000,11.9,243.300391
1843,80,2500,1000,11.9,125.7733212
1844,80,3000,2000,11.9,217.716616
1845,80,2500,2500,11.9,239.6179036
1846,60,4000,1500,11.9,126.54927
1847,40,2000,2000,11.9,236.7128842
1848,50,3500,1500,11.9,153.8809805
1849,70,3000,3000,11.9,242.4493058
1850,60,3000,3000,11.9,242.8422294
1851,60,3000,2500,11.9,238.8752317
1852,50,3000,3000,11.9,241.8811935
1853,70,4000,3000,11.9,232.5187005
1854,40,3500,1500,11.9,144.1794892
1855,50,4000,1000,11.9,41.13361017
1856,40,4000,1000,11.9,26.8171219
1857,70,3000,2000,11.9,222.4788672
1858,60,3500,1000,11.9,68.67066896
1859,50,4000,3000,11.9,235.7962493
1860,70,3000,2500,11.9,237.2604717
1861,50,2000,2000,11.9,238.4492675
1862,70,2500,1000,11.9,127.8721822
1863,80,2000,1000,11.9,163.3055539
1864,50,4000,1500,11.9,126.3084401
1865,40,2500,2000,11.9,234.2851344
1866,70,3500,2000,11.9,204.1734415
1867,80,3500,1000,11.9,68.88221893
1868,50,2500,2000,11.9,236.2457659
1869,50,3000,1500,11.9,181.7885259
1870,40,3500,2000,11.9,201.8765315
1871,80,4000,2500,11.9,210.8074473
1872,50,2500,1500,11.9,209.5014108
1873,50,2000,3000,11.9,238.6958319
1874,70,3000,1000,11.9,95.89791951
1875,50,3500,3000,12.75,234.6008378
1876,80,3000,1500,12.75,163.7154239
1877,60,3500,1500,12.75,141.8439256
1878,60,3000,1500,12.75,167.8367447
1879,40,2500,2500,12.75,234.3086931
1880,60,2500,2000,12.75,229.6509029
1881,50,4000,2000,12.75,170.910954
1882,40,3000,1500,12.75,159.3450798
1883,60,2500,2500,12.75,238.9446717
1884,70,2500,2500,12.75,238.3093786
1885,40,2000,1000,12.75,143.485689
1886,70,2000,2000,12.75,236.9358358
1887,60,4000,1000,12.75,45.13823405
1888,40,2500,1000,12.75,105.0077337
1889,70,2000,1000,12.75,153.3246097
1890,50,2500,3000,12.75,239.5027498
1891,40,3000,3000,12.75,235.5364731
1892,80,3500,1500,12.75,137.8900339
1893,50,2500,2500,12.75,237.6284118
1894,70,3500,3000,12.75,232.8149965
1895,50,3000,1000,12.75,83.04051405
1896,80,2500,2000,12.75,225.1164337
1897,60,2000,3000,12.75,241.8573811
1898,60,3000,1000,12.75,86.29614879
1899,60,2000,1500,12.75,220.6492173
1900,70,2000,1500,12.75,219.4516887
1901,50,2500,1000,12.75,115.3677582
1902,40,4000,2500,12.75,197.4904938
1903,70,3500,1500,12.75,140.6113043
1904,80,2000,2500,12.75,239.4572996
1905,50,4000,2500,12.75,207.1286245
1906,80,3500,2500,12.75,216.449924
1907,60,3500,2000,12.75,195.030334
1908,70,2000,3000,12.75,242.8958126
1909,60,3500,2500,12.75,222.8714722
1910,60,3000,2000,12.75,214.0177922
1911,40,2500,1500,12.75,189.2781029
1912,80,2500,3000,12.75,240.1549099
1913,50,3000,2000,12.75,213.8752324
1914,70,4000,2500,12.75,206.1733064
1915,50,2000,1000,12.75,152.059155
1916,40,2500,3000,12.75,235.8045894
1917,80,2500,1500,12.75,192.5664252
1918,40,3000,2500,12.75,228.9925969
1919,50,3500,2500,12.75,222.2601404
1920,60,2000,1000,12.75,153.5263772
1921,40,3500,1000,12.75,46.14618952
1922,40,3000,1000,12.75,74.76384245
1923,70,4000,1000,12.75,51.82766755
1924,40,3500,3000,12.75,230.4075729
1925,80,4000,1000,12.75,52.73866515
1926,50,2000,1500,12.75,220.0928854
1927,40,2000,1500,12.75,215.4831051
1928,60,3500,3000,12.75,234.9437886
1929,60,4000,2500,12.75,207.1995369
1930,70,2500,3000,12.75,241.9615161
1931,60,4000,3000,12.75,226.2232876
1932,70,2000,2500,12.75,241.0330875
1933,50,3500,1000,12.75,60.19047494
1934,40,4000,1500,12.75,97.78754025
1935,80,4000,1500,12.75,112.7849005
1936,60,2500,3000,12.75,241.7642138
1937,60,2500,1500,12.75,197.07375
1938,80,3500,3000,12.75,229.3436919
1939,70,2500,2000,12.75,228.1093366
1940,60,2500,1000,12.75,117.7788936
1941,40,2000,2500,12.75,234.2502144
1942,70,3500,2500,12.75,220.3317247
1943,70,3500,1000,12.75,66.78704298
1944,80,2000,1500,12.75,216.9386509
1945,40,4000,2000,12.75,158.3940536
1946,60,4000,2000,12.75,171.3578722
1947,70,3000,1500,12.75,168.3012537
1948,80,2000,2000,12.75,234.7784763
1949,50,3500,2000,12.75,193.507533
1950,40,3500,2500,12.75,216.130668
1951,80,3000,3000,12.75,236.0165963
1952,80,4000,3000,12.75,219.547892
1953,60,2000,2500,12.75,240.6179206
1954,60,2000,2000,12.75,237.3744877
1955,70,4000,2000,12.75,171.8302555
1956,80,3000,1000,12.75,87.54827611
1957,80,3500,2000,12.75,188.8598514
1958,50,2000,2500,12.75,238.1669332
1959,80,3000,2500,12.75,227.9619845
1960,40,2000,3000,12.75,234.6560451
1961,70,4000,1500,12.75,117.1621435
1962,80,4000,2000,12.75,166.2215102
1963,40,3000,2000,12.75,208.3701201
1964,40,4000,3000,12.75,219.506408
1965,70,2500,1500,12.75,195.4753973
1966,50,3000,2500,12.75,232.6995361
1967,80,2000,3000,12.75,241.9354909
1968,80,2500,1000,12.75,116.4898917
1969,80,3000,2000,12.75,208.5747589
1970,80,2500,2500,12.75,235.904406
1971,60,4000,1500,12.75,114.9714524
1972,40,2000,2000,12.75,232.6750885
1973,50,3500,1500,12.75,139.12501
1974,70,3000,3000,12.75,238.8994409
1975,60,3000,3000,12.75,239.6349969
1976,60,3000,2500,12.75,232.9111149
1977,50,3000,3000,12.75,238.6789638
1978,70,4000,3000,12.75,224.6198109
1979,40,3500,1500,12.75,127.4669763
1980,50,4000,1000,12.75,38.45225027
1981,40,4000,1000,12.75,23.67027072
1982,70,3000,2000,12.75,213.1023013
1983,60,3500,1000,12.75,64.62277425
1984,50,4000,3000,12.75,226.536346
1985,70,3000,2500,12.75,231.4748611
1986,50,2000,2000,12.75,235.8470855
1987,70,2500,1000,12.75,117.8476415
1988,80,2000,1000,12.75,151.7716273
1989,50,4000,1500,12.75,113.1579442
1990,40,2500,2000,12.75,225.1426661
1991,70,3500,2000,12.75,192.6927556
1992,80,3500,1000,12.75,67.52577191
1993,50,2500,2000,12.75,229.2801224
1994,50,3000,1500,12.75,166.8285894
1995,40,3500,2000,12.75,184.9537166
1996,80,4000,2500,12.75,200.6511886
1997,50,2500,1500,12.75,196.4693438
1998,50,2000,3000,12.75,238.8517022
1999,70,3000,1000,12.75,89.45387277
2000,50,3500,3000,13.6,225.1832922
2001,80,3000,1500,13.6,157.3441585
2002,60,3500,1500,13.6,135.5397471
2003,60,3000,1500,13.6,158.1683664
2004,40,2500,2500,13.6,226.7056696
2005,60,2500,2000,13.6,220.7788068
2006,50,4000,2000,13.6,158.104274
2007,40,3000,1500,13.6,145.7286945
2008,60,2500,2500,13.6,234.6316852
2009,70,2500,2500,13.6,233.8514763
2010,40,2000,1000,13.6,133.4282098
2011,70,2000,2000,13.6,232.231618
2012,60,4000,1000,13.6,56.62980736
2013,40,2500,1000,13.6,101.2685381
2014,70,2000,1000,13.6,145.8254397
2015,50,2500,3000,13.6,238.3415116
2016,40,3000,3000,13.6,227.3926455
2017,80,3500,1500,13.6,134.9068713
2018,50,2500,2500,13.6,232.845858
2019,70,3500,3000,13.6,225.4605908
2020,50,3000,1000,13.6,86.37900397
2021,80,2500,2000,13.6,217.4969853
2022,60,2000,3000,13.6,242.6298826
2023,60,3000,1000,13.6,91.26313612
2024,60,2000,1500,13.6,209.9647731
2025,70,2000,1500,13.6,209.7407152
2026,50,2500,1000,13.6,112.776774
2027,40,4000,2500,13.6,179.4788167
2028,70,3500,1500,13.6,136.0470073
2029,80,2000,2500,13.6,237.343964
2030,50,4000,2500,13.6,192.4295876
2031,80,3500,2500,13.6,207.8939406
2032,60,3500,2000,13.6,183.1023638
2033,70,2000,3000,13.6,242.8163108
2034,60,3500,2500,13.6,211.929953
2035,60,3000,2000,13.6,202.4402825
2036,40,2500,1500,13.6,172.6341587
2037,80,2500,3000,13.6,237.4697097
2038,50,3000,2000,13.6,200.0032933
2039,70,4000,2500,13.6,195.7594013
2040,50,2000,1000,13.6,142.3853795
2041,40,2500,3000,13.6,232.84185
2042,80,2500,1500,13.6,183.6557206
2043,40,3000,2500,13.6,215.7168042
2044,50,3500,2500,13.6,209.0802918
2045,60,2000,1000,13.6,144.9911959
2046,40,3500,1000,13.6,52.96560511
2047,40,3000,1000,13.6,76.46417993
2048,70,4000,1000,13.6,64.33029278
2049,40,3500,3000,13.6,217.1771498
2050,80,4000,1000,13.6,66.817488
2051,50,2000,1500,13.6,207.7296432
2052,40,2000,1500,13.6,199.8328743
2053,60,3500,3000,13.6,227.0052083
2054,60,4000,2500,13.6,194.882014
2055,70,2500,3000,13.6,239.9208221
2056,60,4000,3000,13.6,215.4881989
2057,70,2000,2500,13.6,239.5751225
2058,50,3500,1000,13.6,67.15277508
2059,40,4000,1500,13.6,94.19881222
2060,80,4000,1500,13.6,114.0165479
2061,60,2500,3000,13.6,240.4019947
2062,60,2500,1500,13.6,185.3461078
2063,80,3500,3000,13.6,222.3505936
2064,70,2500,2000,13.6,219.9951123
2065,60,2500,1000,13.6,115.8981384
2066,40,2000,2500,13.6,232.4978831
2067,70,3500,2500,13.6,210.7600016
2068,70,3500,1000,13.6,77.24440307
2069,80,2000,1500,13.6,207.8891972
2070,40,4000,2000,13.6,143.9039885
2071,60,4000,2000,13.6,160.8813098
2072,70,3000,1500,13.6,160.302406
2073,80,2000,2000,13.6,229.8293944
2074,50,3500,2000,13.6,179.1442569
2075,40,3500,2500,13.6,199.1404891
2076,80,3000,3000,13.6,231.0303864
2077,80,4000,3000,13.6,211.049355
2078,60,2000,2500,13.6,239.8697475
2079,60,2000,2000,13.6,232.7958932
2080,70,4000,2000,13.6,163.2826185
2081,80,3000,1000,13.6,94.06058712
2082,80,3500,2000,13.6,180.4882665
2083,50,2000,2500,13.6,237.8172713
2084,80,3000,2500,13.6,220.7762868
2085,40,2000,3000,13.6,235.5683275
2086,70,4000,1500,13.6,116.456857
2087,80,4000,2000,13.6,159.6115939
2088,40,3000,2000,13.6,191.0952795
2089,40,4000,3000,13.6,202.6872219
2090,70,2500,1500,13.6,185.3430996
2091,50,3000,2500,13.6,222.9209804
2092,80,2000,3000,13.6,241.0344693
2093,80,2500,1000,13.6,116.5312542
2094,80,3000,2000,13.6,199.7059268
2095,80,2500,2500,13.6,231.2001766
2096,60,4000,1500,13.6,113.3976416
2097,40,2000,2000,13.6,224.9454451
2098,50,3500,1500,13.6,131.3568543
2099,70,3000,3000,13.6,234.1969309
2100,60,3000,3000,13.6,234.8450525
2101,60,3000,2500,13.6,224.6110757
2102,50,3000,3000,13.6,233.2983635
2103,70,4000,3000,13.6,215.3096451
2104,40,3500,1500,13.6,119.1037408
2105,50,4000,1000,13.6,48.85718089
2106,40,4000,1000,13.6,34.77982261
2107,70,3000,2000,13.6,203.093954
2108,60,3500,1000,13.6,73.23692689
2109,50,4000,3000,13.6,213.7854804
2110,70,3000,2500,13.6,224.0602521
2111,50,2000,2000,13.6,230.8325953
2112,70,2500,1000,13.6,116.8714634
2113,80,2000,1000,13.6,145.226414
2114,50,4000,1500,13.6,110.3519643
2115,40,2500,2000,13.6,211.0948498
2116,70,3500,2000,13.6,182.7470247
2117,80,3500,1000,13.6,78.97360323
2118,50,2500,2000,13.6,218.8603421
2119,50,3000,1500,13.6,154.9674321
2120,40,3500,2000,13.6,167.8966432
2121,80,4000,2500,13.6,191.6879569
2122,50,2500,1500,13.6,182.564176
2123,50,2000,3000,13.6,240.2474997
2124,70,3000,1000,13.6,94.80376818
2125,50,3500,3000,14.45,215.7657466
2126,80,3000,1500,14.45,150.9728931
2127,60,3500,1500,14.45,129.2355686
2128,60,3000,1500,14.45,148.4999882
2129,40,2500,2500,14.45,219.1026461
2130,60,2500,2000,14.45,211.9067107
2131,50,4000,2000,14.45,145.297594
2132,40,3000,1500,14.45,132.1123091
2133,60,2500,2500,14.45,230.3186988
2134,70,2500,2500,14.45,229.393574
2135,40,2000,1000,14.45,123.3707306
2136,70,2000,2000,14.45,227.5274002
2137,60,4000,1000,14.45,68.12138066
2138,40,2500,1000,14.45,97.52934258
2139,70,2000,1000,14.45,138.3262697
2140,50,2500,3000,14.45,237.1802734
2141,40,3000,3000,14.45,219.2488179
2142,80,3500,1500,14.45,131.9237086
2143,50,2500,2500,14.45,228.0633042
2144,70,3500,3000,14.45,218.1061851
2145,50,3000,1000,14.45,89.71749389
2146,80,2500,2000,14.45,209.8775369
2147,60,2000,3000,14.45,243.4023842
2148,60,3000,1000,14.45,96.23012345
2149,60,2000,1500,14.45,199.2803289
2150,70,2000,1500,14.45,200.0297418
2151,50,2500,1000,14.45,110.1857898
2152,40,4000,2500,14.45,161.4671396
2153,70,3500,1500,14.45,131.4827102
2154,80,2000,2500,14.45,235.2306284
2155,50,4000,2500,14.45,177.7305506
2156,80,3500,2500,14.45,199.3379571
2157,60,3500,2000,14.45,171.1743936
2158,70,2000,3000,14.45,242.7368091
2159,60,3500,2500,14.45,200.9884337
2160,60,3000,2000,14.45,190.8627727
2161,40,2500,1500,14.45,155.9902144
2162,80,2500,3000,14.45,234.7845096
2163,50,3000,2000,14.45,186.1313542
2164,70,4000,2500,14.45,185.3454961
2165,50,2000,1000,14.45,132.7116039
2166,40,2500,3000,14.45,229.8791107
2167,80,2500,1500,14.45,174.745016
2168,40,3000,2500,14.45,202.4410115
2169,50,3500,2500,14.45,195.9004432
2170,60,2000,1000,14.45,136.4560146
2171,40,3500,1000,14.45,59.7850207
2172,40,3000,1000,14.45,78.16451742
2173,70,4000,1000,14.45,76.832918
2174,40,3500,3000,14.45,203.9467268
2175,80,4000,1000,14.45,80.89631085
2176,50,2000,1500,14.45,195.3664011
2177,40,2000,1500,14.45,184.1826434
2178,60,3500,3000,14.45,219.0666281
2179,60,4000,2500,14.45,182.5644911
2180,70,2500,3000,14.45,237.880128
2181,60,4000,3000,14.45,204.7531103
2182,70,2000,2500,14.45,238.1171575
2183,50,3500,1000,14.45,74.11507521
2184,40,4000,1500,14.45,90.61008418
2185,80,4000,1500,14.45,115.2481952
2186,60,2500,3000,14.45,239.0397757
2187,60,2500,1500,14.45,173.6184656
2188,80,3500,3000,14.45,215.3574953
2189,70,2500,2000,14.45,211.880888
2190,60,2500,1000,14.45,114.0173833
2191,40,2000,2500,14.45,230.7455519
2192,70,3500,2500,14.45,201.1882786
2193,70,3500,1000,14.45,87.70176316
2194,80,2000,1500,14.45,198.8397434
2195,40,4000,2000,14.45,129.4139234
2196,60,4000,2000,14.45,150.4047475
2197,70,3000,1500,14.45,152.3035583
2198,80,2000,2000,14.45,224.8803124
2199,50,3500,2000,14.45,164.7809807
2200,40,3500,2500,14.45,182.1503102
2201,80,3000,3000,14.45,226.0441764
2202,80,4000,3000,14.45,202.5508179
2203,60,2000,2500,14.45,239.1215744
2204,60,2000,2000,14.45,228.2172986
2205,70,4000,2000,14.45,154.7349815
2206,80,3000,1000,14.45,100.5728981
2207,80,3500,2000,14.45,172.1166816
2208,50,2000,2500,14.45,237.4676093
2209,80,3000,2500,14.45,213.5905892
2210,40,2000,3000,14.45,236.4806098
2211,70,4000,1500,14.45,115.7515706
2212,80,4000,2000,14.45,153.0016776
2213,40,3000,2000,14.45,173.8204389
2214,40,4000,3000,14.45,185.8680359
2215,70,2500,1500,14.45,175.2108019
2216,50,3000,2500,14.45,213.1424246
2217,80,2000,3000,14.45,240.1334478
2218,80,2500,1000,14.45,116.5726166
2219,80,3000,2000,14.45,190.8370947
2220,80,2500,2500,14.45,226.4959472
2221,60,4000,1500,14.45,111.8238307
2222,40,2000,2000,14.45,217.2158017
2223,50,3500,1500,14.45,123.5886986
2224,70,3000,3000,14.45,229.4944209
2225,60,3000,3000,14.45,230.055108
2226,60,3000,2500,14.45,216.3110365
2227,50,3000,3000,14.45,227.9177631
2228,70,4000,3000,14.45,205.9994793
2229,40,3500,1500,14.45,110.7405053
2230,50,4000,1000,14.45,59.26211152
2231,40,4000,1000,14.45,45.88937449
2232,70,3000,2000,14.45,193.0856068
2233,60,3500,1000,14.45,81.85107952
2234,50,4000,3000,14.45,201.0346148
2235,70,3000,2500,14.45,216.645643
2236,50,2000,2000,14.45,225.8181051
2237,70,2500,1000,14.45,115.8952853
2238,80,2000,1000,14.45,138.6812007
2239,50,4000,1500,14.45,107.5459845
2240,40,2500,2000,14.45,197.0470335
2241,70,3500,2000,14.45,172.8012938
2242,80,3500,1000,14.45,90.42143456
2243,50,2500,2000,14.45,208.4405617
2244,50,3000,1500,14.45,143.1062749
2245,40,3500,2000,14.45,150.8395697
2246,80,4000,2500,14.45,182.7247253
2247,50,2500,1500,14.45,168.6590082
2248,50,2000,3000,14.45,241.6432971
2249,70,3000,1000,14.45,100.1536636
2250,50,3500,3000,15.3,208.4756073
2251,80,3000,1500,15.3,152.24817
2252,60,3500,1500,15.3,131.7170464
2253,60,3000,1500,15.3,146.8378035
2254,40,2500,2500,15.3,212.0013271
2255,60,2500,2000,15.3,205.7938238
2256,50,4000,2000,15.3,141.7507273
2257,40,3000,1500,15.3,128.8041945
2258,60,2500,2500,15.3,226.7339686
2259,70,2500,2500,15.3,226.0562531
2260,40,2000,1000,15.3,122.721971
2261,70,2000,2000,15.3,223.9321338
2262,60,4000,1000,15.3,82.23765942
2263,40,2500,1000,15.3,103.1919099
2264,70,2000,1000,15.3,138.5386031
2265,50,2500,3000,15.3,235.7236651
2266,40,3000,3000,15.3,211.8124379
2267,80,3500,1500,15.3,137.0201429
2268,50,2500,2500,15.3,223.6700947
2269,70,3500,3000,15.3,213.2260746
2270,50,3000,1000,15.3,100.2075257
2271,80,2500,2000,15.3,205.346681
2272,60,2000,3000,15.3,244.0482172
2273,60,3000,1000,15.3,107.6259851
2274,60,2000,1500,15.3,192.4872389
2275,70,2000,1500,15.3,194.2409953
2276,50,2500,1000,15.3,116.0658479
2277,40,4000,2500,15.3,152.2529253
2278,70,3500,1500,15.3,135.2230274
2279,80,2000,2500,15.3,233.6617538
2280,50,4000,2500,15.3,169.7467568
2281,80,3500,2500,15.3,195.0104365
2282,60,3500,2000,15.3,166.0676349
2283,70,2000,3000,15.3,242.7953321
2284,60,3500,2500,15.3,194.1926604
2285,60,3000,2000,15.3,184.3310055
2286,40,2500,1500,15.3,147.8349984
2287,80,2500,3000,15.3,232.9069435
2288,50,3000,2000,15.3,177.8002404
2289,70,4000,2500,15.3,180.4832758
2290,50,2000,1000,15.3,131.2996209
2291,40,2500,3000,15.3,226.7257695
2292,80,2500,1500,15.3,172.0332722
2293,40,3000,2500,15.3,192.0252979
2294,50,3500,2500,15.3,187.2866697
2295,60,2000,1000,15.3,135.8828549
2296,40,3500,1000,15.3,72.62704062
2297,40,3000,1000,15.3,87.3664321
2298,70,4000,1000,15.3,90.76145334
2299,40,3500,3000,15.3,193.4712378
2300,80,4000,1000,15.3,95.09607071
2301,50,2000,1500,15.3,186.9788393
2302,40,2000,1500,15.3,173.4507165
2303,60,3500,3000,15.3,213.3376896
2304,60,4000,2500,15.3,176.2868739
2305,70,2500,3000,15.3,236.2569661
2306,60,4000,3000,15.3,197.8579086
2307,70,2000,2500,15.3,236.8439515
2308,50,3500,1000,15.3,86.23472281
2309,40,4000,1500,15.3,97.48058519
2310,80,4000,1500,15.3,123.956922
2311,60,2500,3000,15.3,237.6812575
2312,60,2500,1500,15.3,168.2829345
2313,80,3500,3000,15.3,211.0774449
2314,70,2500,2000,15.3,206.6917523
2315,60,2500,1000,15.3,120.0689408
2316,40,2000,2500,15.3,228.6124225
2317,70,3500,2500,15.3,195.7324869
2318,70,3500,1000,15.3,101.983535
2319,80,2000,1500,15.3,193.7373704
2320,40,4000,2000,15.3,126.0551184
2321,60,4000,2000,15.3,148.2474558
2322,70,3000,1500,15.3,151.9680737
2323,80,2000,2000,15.3,221.3697224
2324,50,3500,2000,15.3,158.1722063
2325,40,3500,2500,15.3,171.1242264
2326,80,3000,3000,15.3,222.712255
2327,80,4000,3000,15.3,197.9585688
2328,60,2000,2500,15.3,238.1719974
2329,60,2000,2000,15.3,224.3512568
2330,70,4000,2000,15.3,153.8717274
2331,80,3000,1000,15.3,112.479894
2332,80,3500,2000,15.3,170.2720992
2333,50,2000,2500,15.3,236.6415275
2334,80,3000,2500,15.3,209.2479647
2335,40,2000,3000,15.3,237.3918103
2336,70,4000,1500,15.3,123.0397739
2337,80,4000,2000,15.3,153.9709546
2338,40,3000,2000,15.3,163.4844436
2339,40,4000,3000,15.3,174.5795146
2340,70,2500,1500,15.3,171.3473901
2341,50,3000,2500,15.3,205.7131303
2342,80,2000,3000,15.3,239.6799625
2343,80,2500,1000,15.3,124.007216
2344,80,3000,2000,15.3,186.9632964
2345,80,2500,2500,15.3,223.2648177
2346,60,4000,1500,15.3,118.7422873
2347,40,2000,2000,15.3,209.9594432
2348,50,3500,1500,15.3,125.4318337
2349,70,3000,3000,15.3,226.0709329
2350,60,3000,3000,15.3,226.2061334
2351,60,3000,2500,15.3,210.452752
2352,50,3000,3000,15.3,223.1352903
2353,70,4000,3000,15.3,200.3732085
2354,40,3500,1500,15.3,113.4630284
2355,50,4000,1000,15.3,73.7475598
2356,40,4000,1000,15.3,61.81371929
2357,70,3000,2000,15.3,187.9446097
2358,60,3500,1000,15.3,95.17311679
2359,50,4000,3000,15.3,192.3397337
2360,70,3000,2500,15.3,211.7671454
2361,50,2000,2000,15.3,221.1839262
2362,70,2500,1000,15.3,122.5873301
2363,80,2000,1000,15.3,139.6459034
2364,50,4000,1500,15.3,114.1959572
2365,40,2500,2000,15.3,186.4481969
2366,70,3500,2000,15.3,169.3651341
2367,80,3500,1000,15.3,104.884543
2368,50,2500,2000,15.3,200.7582946
2369,50,3000,1500,15.3,140.0473278
2370,40,3500,2000,15.3,143.3988563
2371,80,4000,2500,15.3,179.4189218
2372,50,2500,1500,15.3,161.6553351
2373,50,2000,3000,15.3,242.8303717
2374,70,3000,1000,15.3,111.5080122
2375,50,3500,3000,16.15,201.9132632
2376,80,3000,1500,16.15,156.1393629
2377,60,3500,1500,16.15,137.2041362
2378,60,3000,1500,16.15,147.9145732
2379,40,2500,2500,16.15,205.0716433
2380,60,2500,2000,16.15,200.6248747
2381,50,4000,2000,16.15,141.3716839
2382,40,3000,1500,16.15,129.0225851
2383,60,2500,2500,16.15,223.3983781
2384,70,2500,2500,16.15,223.1022882
2385,40,2000,1000,16.15,125.2919761
2386,70,2000,2000,16.15,220.7162447
2387,60,4000,1000,16.15,97.25186159
2388,40,2500,1000,16.15,112.0708622
2389,70,2000,1000,16.15,141.389076
2390,50,2500,3000,16.15,234.1660094
2391,40,3000,3000,16.15,204.6180788
2392,80,3500,1500,16.15,144.8806432
2393,50,2500,2500,16.15,219.4100817
2394,70,3500,3000,16.15,209.1924315
2395,50,3000,1000,16.15,113.1441319
2396,80,2500,2000,16.15,201.8724464
2397,60,2000,3000,16.15,244.6507163
2398,60,3000,1000,16.15,121.2211932
2399,60,2000,1500,16.15,187.0253984
2400,70,2000,1500,16.15,189.79406
2401,50,2500,1000,16.15,124.8438872
2402,40,4000,2500,16.15,146.048362
2403,70,3500,1500,16.15,141.8043902
2404,80,2000,2500,16.15,232.2791416
2405,50,4000,2500,16.15,164.0602775
2406,80,3500,2500,16.15,192.1294918
2407,60,3500,2000,16.15,163.2944429
2408,70,2000,3000,16.15,242.901074
2409,60,3500,2500,16.15,188.8151651
2410,60,3000,2000,16.15,179.5254094
2411,40,2500,1500,16.15,142.5838141
2412,80,2500,3000,16.15,231.3056726
2413,50,3000,2000,16.15,171.3646677
2414,70,4000,2500,16.15,177.5203115
2415,50,2000,1000,16.15,132.7140337
2416,40,2500,3000,16.15,223.5072225
2417,80,2500,1500,16.15,171.4422204
2418,40,3000,2500,16.15,182.5880301
2419,50,3500,2500,16.15,180.2349707
2420,60,2000,1000,16.15,138.0335383
2421,40,3500,1000,16.15,87.52942024
2422,40,3000,1000,16.15,99.13466968
2423,70,4000,1000,16.15,105.1777989
2424,40,3500,3000,16.15,183.9382241
2425,80,4000,1000,16.15,109.3372036
2426,50,2000,1500,16.15,179.9513754
2427,40,2000,1500,16.15,164.4013631
2428,60,3500,3000,16.15,208.3646795
2429,60,4000,2500,16.15,172.0755352
2430,70,2500,3000,16.15,234.7766439
2431,60,4000,3000,16.15,192.2763493
2432,70,2000,2500,16.15,235.6339524
2433,50,3500,1000,16.15,100.1187219
2434,40,4000,1500,16.15,107.9292349
2435,80,4000,1500,16.15,135.2235909
2436,60,2500,3000,16.15,236.3240055
2437,60,2500,1500,16.15,165.134173
2438,80,3500,3000,16.15,207.7255403
2439,70,2500,2000,16.15,202.5033024
2440,60,2500,1000,16.15,128.8341777
2441,40,2000,2500,16.15,226.3490205
2442,70,3500,2500,16.15,191.6847737
2443,70,3500,1000,16.15,117.5736551
2444,80,2000,1500,16.15,189.9853112
2445,40,4000,2000,16.15,126.504367
2446,60,4000,2000,16.15,148.9362235
2447,70,3000,1500,16.15,154.2542596
2448,80,2000,2000,16.15,218.3512468
2449,50,3500,2000,16.15,154.2162813
2450,40,3500,2500,16.15,162.1384861
2451,80,3000,3000,16.15,219.946273
2452,80,4000,3000,16.15,194.7026782
2453,60,2000,2500,16.15,237.1535193
2454,60,2000,2000,16.15,220.7289823
2455,70,4000,2000,16.15,155.6373347
2456,80,3000,1000,16.15,126.2324356
2457,80,3500,2000,16.15,170.6604334
2458,50,2000,2500,16.15,235.6524603
2459,80,3000,2500,16.15,205.8779682
2460,40,2000,3000,16.15,238.3026407
2461,70,4000,1500,16.15,133.0625855
2462,80,4000,2000,16.15,157.5331074
2463,40,3000,2000,16.15,155.5222581
2464,40,4000,3000,16.15,165.1830584
2465,70,2500,1500,16.15,169.628592
2466,50,3000,2500,16.15,199.0875287
2467,80,2000,3000,16.15,239.3795814
2468,80,2500,1000,16.15,133.9710746
2469,80,3000,2000,16.15,184.7983214
2470,80,2500,2500,16.15,220.5376423
2471,60,4000,1500,16.15,128.5659864
2472,40,2000,2000,16.15,202.8649974
2473,50,3500,1500,16.15,130.5630341
2474,70,3000,3000,16.15,223.0850041
2475,60,3000,3000,16.15,222.6790686
2476,60,3000,2500,16.15,205.4298027
2477,50,3000,3000,16.15,218.5574396
2478,70,4000,3000,16.15,196.0072146
2479,40,3500,1500,16.15,119.9780387
2480,50,4000,1000,16.15,89.6289713
2481,40,4000,1000,16.15,79.38522614
2482,70,3000,2000,16.15,184.4687547
2483,60,3500,1000,16.15,110.1057423
2484,50,4000,3000,16.15,185.0324228
2485,70,3000,2500,16.15,207.7562629
2486,50,2000,2000,16.15,216.6798536
2487,70,2500,1000,16.15,131.902708
2488,80,2000,1000,16.15,143.1797818
2489,50,4000,1500,16.15,124.0808532
2490,40,2500,2000,16.15,177.0292715
2491,70,3500,2000,16.15,168.1559277
2492,80,3500,1000,16.15,120.3791911
2493,50,2500,2000,16.15,194.012543
2494,50,3000,1500,16.15,139.9996559
2495,40,3500,2000,16.15,139.2479424
2496,80,4000,2500,16.15,178.0485496
2497,50,2500,1500,16.15,157.0126941
2498,50,2000,3000,16.15,243.9460412
2499,70,3000,1000,16.15,124.9165108
2500,50,3500,3000,17,195.3509191
2501,80,3000,1500,17,160.0305558
2502,60,3500,1500,17,142.6912261
2503,60,3000,1500,17,148.9913428
2504,40,2500,2500,17,198.1419595
2505,60,2500,2000,17,195.4559256
2506,50,4000,2000,17,140.9926404
2507,40,3000,1500,17,129.2409758
2508,60,2500,2500,17,220.0627876
2509,70,2500,2500,17,220.1483232
2510,40,2000,1000,17,127.8619812
2511,70,2000,2000,17,217.5003555
2512,60,4000,1000,17,112.2660637
2513,40,2500,1000,17,120.9498144
2514,70,2000,1000,17,144.2395489
2515,50,2500,3000,17,232.6083537
2516,40,3000,3000,17,197.4237198
2517,80,3500,1500,17,152.7411435
2518,50,2500,2500,17,215.1500686
2519,70,3500,3000,17,205.1587884
2520,50,3000,1000,17,126.080738
2521,80,2500,2000,17,198.3982118
2522,60,2000,3000,17,245.2532153
2523,60,3000,1000,17,134.8164013
2524,60,2000,1500,17,181.5635579
2525,70,2000,1500,17,185.3471248
2526,50,2500,1000,17,133.6219265
2527,40,4000,2500,17,139.8437987
2528,70,3500,1500,17,148.3857529
2529,80,2000,2500,17,230.8965295
2530,50,4000,2500,17,158.3737982
2531,80,3500,2500,17,189.2485471
2532,60,3500,2000,17,160.521251
2533,70,2000,3000,17,243.0068159
2534,60,3500,2500,17,183.4376698
2535,60,3000,2000,17,174.7198132
2536,40,2500,1500,17,137.3326297
2537,80,2500,3000,17,229.7044017
2538,50,3000,2000,17,164.929095
2539,70,4000,2500,17,174.5573472
2540,50,2000,1000,17,134.1284465
2541,40,2500,3000,17,220.2886755
2542,80,2500,1500,17,170.8511686
2543,40,3000,2500,17,173.1507622
2544,50,3500,2500,17,173.1832716
2545,60,2000,1000,17,140.1842217
2546,40,3500,1000,17,102.4317999
2547,40,3000,1000,17,110.9029073
2548,70,4000,1000,17,119.5941444
2549,40,3500,3000,17,174.4052103
2550,80,4000,1000,17,123.5783366
2551,50,2000,1500,17,172.9239116
2552,40,2000,1500,17,155.3520098
2553,60,3500,3000,17,203.3916694
2554,60,4000,2500,17,167.8641966
2555,70,2500,3000,17,233.2963216
2556,60,4000,3000,17,186.69479
2557,70,2000,2500,17,234.4239533
2558,50,3500,1000,17,114.002721
2559,40,4000,1500,17,118.3778847
2560,80,4000,1500,17,146.4902598
2561,60,2500,3000,17,234.9667535
2562,60,2500,1500,17,161.9854114
2563,80,3500,3000,17,204.3736356
2564,70,2500,2000,17,198.3148525
2565,60,2500,1000,17,137.5994145
2566,40,2000,2500,17,224.0856184
2567,70,3500,2500,17,187.6370604
2568,70,3500,1000,17,133.1637751
2569,80,2000,1500,17,186.2332521
2570,40,4000,2000,17,126.9536155
2571,60,4000,2000,17,149.6249913
2572,70,3000,1500,17,156.5404455
2573,80,2000,2000,17,215.3327713
2574,50,3500,2000,17,150.2603563
2575,40,3500,2500,17,153.1527457
2576,80,3000,3000,17,217.180291
2577,80,4000,3000,17,191.4467875
2578,60,2000,2500,17,236.1350411
2579,60,2000,2000,17,217.1067079
2580,70,4000,2000,17,157.4029421
2581,80,3000,1000,17,139.9849771
2582,80,3500,2000,17,171.0487676
2583,50,2000,2500,17,234.6633931
2584,80,3000,2500,17,202.5079716
2585,40,2000,3000,17,239.213471
2586,70,4000,1500,17,143.0853972
2587,80,4000,2000,17,161.0952601
2588,40,3000,2000,17,147.5600726
2589,40,4000,3000,17,155.7866022
2590,70,2500,1500,17,167.9097939
2591,50,3000,2500,17,192.4619272
2592,80,2000,3000,17,239.0792003
2593,80,2500,1000,17,143.9349332
2594,80,3000,2000,17,182.6333463
2595,80,2500,2500,17,217.810467
2596,60,4000,1500,17,138.3896854
2597,40,2000,2000,17,195.7705517
2598,50,3500,1500,17,135.6942344
2599,70,3000,3000,17,220.0990752
2600,60,3000,3000,17,219.1520038
2601,60,3000,2500,17,200.4068534
2602,50,3000,3000,17,213.979589
2603,70,4000,3000,17,191.6412207
2604,40,3500,1500,17,126.4930489
2605,50,4000,1000,17,105.5103828
2606,40,4000,1000,17,96.95673298
2607,70,3000,2000,17,180.9928998
2608,60,3500,1000,17,125.0383678
2609,50,4000,3000,17,177.7251119
2610,70,3000,2500,17,203.7453803
2611,50,2000,2000,17,212.1757809
2612,70,2500,1000,17,141.2180859
2613,80,2000,1000,17,146.7136602
2614,50,4000,1500,17,133.9657493
2615,40,2500,2000,17,167.6103462
2616,70,3500,2000,17,166.9467213
2617,80,3500,1000,17,135.8738392
2618,50,2500,2000,17,187.2667913
2619,50,3000,1500,17,139.9519841
2620,40,3500,2000,17,135.0970285
2621,80,4000,2500,17,176.6781775
2622,50,2500,1500,17,152.370053
2623,50,2000,3000,17,245.0617108
2624,70,3000,1000,17,138.3250095
