180,120,17,40,2000,1000,311.189888,316.799744,325.128816,330.24168,333.939744,311.421888,281.349488,269.542768,259.693848,252.586096,248.336376,246.480848,246.017168,245.36444,242.799256,237.074824,227.5728,201.591752,146.70244,120.32228,128.582848
180,120,17,50,2000,1000,308.410192,314.637488,324.424432,330.9564,335.469792,313.370592,283.686608,272.158272,262.458112,255.494432,251.342992,249.410352,248.544928,247.195656,243.897952,237.690264,228.1312,204.254816,155.2526,129.391896,134.292928
180,120,17,60,2000,1000,304.827296,311.877056,323.194624,330.847792,336.23984,314.8456,285.687328,274.588336,265.16232,258.419528,254.350888,252.226536,250.78732,248.521888,244.249536,237.32168,227.449032,204.035224,156.676928,133.5074,139.959224
180,120,17,70,2000,1000,300.693584,308.32896,320.84368,329.640704,335.90592,315.13432,286.588656,275.984,266.860016,260.330984,256.290448,253.881776,251.79312,248.619208,243.41812,235.792248,225.57056,202.37696,156.34904,135.779304,143.804112
180,120,17,40,2500,1000,315.416,320.746256,329.870208,336.800752,338.994704,312.651024,280.605904,268.787088,259.906984,254.103984,251.215776,250.238904,249.066064,245.041328,236.499776,223.181312,205.572272,167.87788,105.640224,95.738512,120.174256
180,120,17,50,2500,1000,312.432176,318.526624,329.427232,337.748016,340.827296,315.098304,283.402896,271.741456,262.707296,256.816144,253.791504,252.340744,250.288616,245.2748,235.854896,222.035792,205.11476,171.350264,115.379752,108.842836,133.529304
180,120,17,60,2500,1000,308.826032,315.589248,327.901776,337.43704,341.468848,316.394096,285.201568,274.066208,265.38792,259.717152,256.627648,254.652176,251.596432,245.438,235.155488,220.870184,203.767616,170.898944,117.707016,112.863168,137.397832
180,120,17,70,2500,1000,304.672288,311.988528,325.410752,336.070016,341.056688,316.694384,286.132688,275.518384,267.220768,261.721064,258.428392,255.782888,251.671992,244.424048,233.35612,218.69852,201.584624,169.32616,117.67864,115.08624,140.866872
180,120,17,40,3000,1000,318.56192,325.304752,336.945296,346.814336,331.116368,301.228544,284.6376,271.809968,262.768152,257.312352,254.737584,252.89656,248.274344,238.148408,222.136768,201.189424,176.623784,131.973764,73.021348,77.837568,109.946972
180,120,17,50,3000,1000,315.841264,323.724176,336.289984,344.611472,327.801536,299.487488,284.94896,273.234384,264.992856,260.099824,257.519328,254.843488,248.778552,236.953112,219.475912,198.5808,175.855472,135.414992,80.574884,89.810264,125.203784
180,120,17,60,3000,1000,311.89088,320.536976,334.69784,344.412512,328.270144,300.452128,286.536864,275.26944,267.393896,262.627912,259.66068,255.898256,248.364176,235.285024,216.95828,195.47888,172.683904,133.898068,83.083472,96.95356,134.436144
180,120,17,70,3000,1000,307.122544,315.870832,331.724416,345.921328,333.46656,305.362784,289.967808,278.168928,269.946656,264.702696,261.065248,256.453496,248.201752,234.861104,216.699184,195.624888,173.366408,135.230232,86.278572,101.085464,138.007776
180,120,17,40,3500,1000,322.654272,330.579584,342.349696,348.950784,327.804,295.708128,280.926912,269.584,262.067056,258.181608,256.180648,252.053344,241.711776,224.17332,200.639376,172.822048,142.766424,95.74094,42.149002,60.943762,101.630932
180,120,17,50,3500,1000,319.388336,328.134016,341.413472,349.259696,329.039168,297.669792,283.418304,272.366848,265.005248,260.974304,258.228056,252.858848,241.13728,222.409848,199.119296,173.422536,146.294296,103.696364,56.275992,75.386992,113.10796
180,120,17,60,3500,1000,315.037296,324.543856,339.4684,348.8604,329.772896,299.143328,285.34512,274.636704,267.506984,263.380064,259.899048,253.257168,240.32424,220.753856,196.771352,170.906888,144.599328,104.218928,59.997534,83.603236,124.201792
180,120,17,70,3500,1000,310.72336,320.837088,336.994432,347.429392,329.015072,299.114624,286.077872,275.856112,268.992448,264.735592,260.512152,252.674392,238.630168,218.393128,194.17156,168.226968,141.814272,101.896608,61.332852,89.99172,132.506232
180,120,17,40,2000,1500,314.388464,317.664592,323.675376,327.486064,329.721888,334.319472,339.231088,315.133904,282.680384,269.88112,259.218504,250.951264,245.208152,241.8966,240.61904,240.842848,241.914592,241.565856,221.978088,179.207776,155.016224
180,120,17,50,2000,1500,312.403552,316.1084,322.711584,328.028816,332.16904,336.2676,340.59304,317.854464,285.881296,272.327392,261.172208,252.70832,246.875456,243.527016,242.217672,242.30016,243.037336,241.956072,225.338336,191.211816,172.184584
180,120,17,60,2000,1500,309.430944,313.730512,321.440448,327.750768,332.757152,337.539712,342.559552,320.207824,288.263184,274.850304,263.926808,255.707352,250.08248,246.83868,245.422056,245.113416,245.1514,242.572424,225.31816,195.730936,180.810448
180,120,17,70,2000,1500,305.490208,310.282608,319.114816,326.540864,332.434,337.916336,343.586672,321.655424,289.882368,276.729936,266.119608,258.173016,252.712072,249.44632,247.752664,246.89192,246.137264,242.09984,223.827008,196.900736,184.650824
180,120,17,40,2500,1500,315.210032,320.02128,328.525712,334.24728,339.103872,345.385008,327.851056,298.868752,283.950096,271.1068,260.588624,252.934928,248.244408,246.161648,245.918984,246.34856,246.04064,236.5168,196.1044,150.984368,137.285272
180,120,17,50,2500,1500,313.313424,318.2112,327.256336,333.8664,339.553568,347.343872,331.787072,302.80624,285.995648,271.966496,261.415336,254.010416,249.53816,247.522176,247.02448,246.7958,245.608984,236.26788,202.149064,164.186576,151.98336
180,120,17,60,2500,1500,310.672672,315.78312,325.370736,332.631872,338.486448,345.880096,339.270656,310.528224,285.209856,272.04048,262.236656,255.456488,251.447896,249.558736,248.742552,247.764032,245.540744,234.981528,201.978936,169.743192,161.493848
180,120,17,70,2500,1500,306.931552,312.531824,323.082368,331.082144,337.138768,343.236624,344.051584,315.75952,283.916816,272.982848,263.937056,257.449424,253.477736,251.305416,249.836544,247.907248,244.624184,232.9132,199.899488,171.952624,167.381144
180,120,17,40,3000,1500,317.495888,323.461344,332.441136,337.655456,343.032784,348.330896,326.433984,294.712624,280.195616,267.988224,258.80192,252.865432,249.974872,249.322976,249.445664,248.361032,243.914472,221.68948,164.796544,128.194928,129.594872
180,120,17,50,3000,1500,315.535696,321.86904,332.031456,338.39496,343.99016,348.671168,325.84688,294.04024,280.147696,268.45868,259.754952,254.248144,251.57684,250.666432,249.868784,247.45808,241.923656,221.1474,171.495248,139.357936,139.817144
180,120,17,60,3000,1500,312.656576,319.337552,330.510176,338.280368,344.699824,349.567264,326.832192,295.29216,281.822512,270.429088,262.03756,256.748328,253.988776,252.469416,250.526368,246.659744,239.748864,218.404672,171.616144,145.257216,148.670136
180,120,17,70,3000,1500,308.620608,315.6,327.332288,335.595024,344.293376,353.801792,333.788288,301.072688,285.870368,273.86624,265.057152,259.25828,255.808232,253.376544,250.40828,245.635112,238.189736,216.906216,171.547528,149.572136,156.157072
180,120,17,40,3500,1500,319.443648,326.370992,336.926624,342.649968,347.763232,351.314032,325.431296,291.228096,277.031744,265.736184,257.88516,253.649112,252.22724,251.903832,250.218672,244.534584,232.962384,198.43304,130.680628,107.995708,125.933408
180,120,17,50,3500,1500,317.0076,324.241616,335.869232,342.818448,348.639584,352.494288,326.559632,292.372,278.400688,267.308968,259.628576,255.419112,253.640048,252.349728,249.349688,242.812936,231.604168,201.080456,141.942792,121.037116,135.592912
180,120,17,60,3500,1500,313.453776,321.210688,334.008992,342.20088,349.101504,353.651456,327.96768,294.052928,280.4664,269.668464,262.205152,257.943176,255.601216,253.159552,248.590024,240.533928,228.464672,198.99232,144.060736,127.007348,142.455024
180,120,17,70,3500,1500,309.047872,317.331824,331.245408,340.702304,348.625888,353.6924,328.348304,294.941168,281.889952,271.415184,264.081592,259.610152,256.575216,252.990224,247.109672,237.895576,224.991816,195.286208,142.149736,129.714728,148.076536
180,120,17,40,2000,2000,318.226464,320.85696,325.157376,328.019968,330.108784,331.716832,333.303824,335.476832,333.476272,303.821824,272.289344,262.597072,254.223512,247.42616,242.46176,239.252528,237.554968,237.514168,235.932896,214.473848,195.06844
180,120,17,50,2000,2000,316.919168,319.6752,324.446096,328.088352,330.944512,333.082128,334.96048,337.1004,335.38448,305.359264,272.977296,262.989792,254.353496,247.600136,242.848336,239.98104,238.69276,239.029568,238.02484,223.793912,211.215808
180,120,17,60,2000,2000,314.52736,317.657008,323.283744,327.887456,331.614656,334.395328,336.599536,338.914672,337.39816,307.129856,274.562784,264.853648,256.4846,250.044608,245.625232,243.059712,241.971368,241.974264,239.385616,226.423888,216.302056
180,120,17,70,2000,2000,310.743232,314.426976,321.173568,326.790672,331.410688,334.997792,337.795952,340.420304,339.074384,308.754736,276.325856,267.037936,258.936672,252.730248,248.462088,245.921144,244.691872,243.807064,239.046112,225.821552,216.839264
180,120,17,40,2500,2000,318.440128,322.052704,328.237344,332.632,335.994336,339.100448,341.728384,342.968992,318.411056,287.214416,274.697424,263.777616,255.22392,249.057384,245.167632,243.299136,243.094368,243.827616,231.1838,192.629496,167.202944
180,120,17,50,2500,2000,317.560288,321.00792,327.384784,332.44656,336.409632,339.722112,343.352176,346.934784,322.84144,289.745632,275.745264,264.301296,255.5928,249.503456,245.825816,244.172752,244.063552,244.292616,233.796176,204.919536,186.509768
180,120,17,60,2500,2000,314.84856,318.676864,325.984608,332.041312,336.825456,340.72344,344.688944,348.63272,324.5492,291.234016,277.360176,266.185056,257.756576,251.905192,248.394608,246.746008,246.35316,245.213008,233.593032,208.936456,194.728032
180,120,17,70,2500,2000,311.123872,315.435056,323.70664,330.707072,336.350608,341.003744,345.577312,350.070864,326.255088,292.98216,279.31552,268.411848,260.236224,254.532456,250.97048,248.99656,247.978368,245.19804,231.803144,209.28468,197.73432
180,120,17,40,3000,2000,319.440416,324.220784,332.088192,337.811968,341.953968,345.974176,351.806752,333.424496,303.066624,287.084416,273.810016,263.23704,255.410128,250.35852,247.836688,247.25308,247.711424,244.871184,215.84848,168.667856,147.302008
180,120,17,50,3000,2000,318.213408,322.823264,331.040352,337.6436,342.388416,346.738176,352.623008,333.728256,302.765264,286.634064,273.413824,263.054512,255.54948,250.858976,248.590984,247.99972,248.060112,244.342096,219.868576,181.775432,164.382736
180,120,17,60,3000,2000,315.434416,320.376768,329.382656,336.906112,342.558992,347.631792,354.036064,335.103776,303.874944,287.850768,274.880144,264.860904,257.714816,253.283416,251.010256,249.982776,249.09536,243.254472,219.04372,187.142168,174.157616
180,120,17,70,3000,2000,311.570016,316.942128,326.874784,335.398016,341.937376,347.70184,354.861984,336.684256,305.873328,290.127616,277.381408,267.448832,260.28288,255.65496,252.934112,251.16752,249.315312,242.01848,217.575784,189.933304,180.510016
180,120,17,40,3500,2000,321.3376,326.58864,335.77592,341.165888,344.715376,349.672112,353.27088,328.620576,295.571568,281.20872,269.138544,259.949488,253.919136,250.904352,250.16656,250.486824,250.211888,238.763408,192.38276,145.873176,134.823448
180,120,17,50,3500,2000,320.010112,325.184784,334.750528,341.142256,345.338704,350.389632,353.901104,329.001504,295.796688,281.441936,269.429664,260.402344,254.556944,251.58724,250.624752,250.346104,249.186784,238.314048,199.718784,160.405208,149.812104
180,120,17,60,3500,2000,317.269632,322.686,332.988656,340.493968,345.607248,351.137888,355.04592,330.28816,297.134016,282.984976,271.186544,262.42604,256.7696,253.74328,252.281024,250.98304,248.447472,236.111592,200.15328,167.430624,160.073976
180,120,17,70,3500,2000,313.009904,319.038432,330.446352,338.941744,345.04736,351.422896,355.6584,330.937712,298.1764,284.519232,273.015568,264.467832,258.843696,255.52736,253.357376,250.967024,247.134416,233.005656,196.997512,169.638032,166.567792
180,120,17,40,2000,2500,321.5344,323.64,326.444096,328.325344,330.327792,332.0444,334.409904,336.457408,336.526688,333.962688,306.40672,275.870656,266.018872,257.174208,249.861208,244.002656,239.559064,235.481568,234.745376,229.833192,223.450504
180,120,17,50,2000,2500,320.592624,322.885696,326.350944,329.087504,331.789888,333.958976,336.521728,338.541232,338.444304,335.744928,307.560448,276.433024,266.558336,257.804736,250.702472,245.136512,241.072064,237.912936,238.132824,236.862952,233.878416
180,120,17,60,2000,2500,318.00432,320.810528,325.375392,329.157456,332.722768,335.55072,338.585168,340.925712,340.998288,338.343824,309.690736,278.220864,268.563976,260.05744,253.22184,247.960432,244.248736,241.476392,240.832616,238.452104,235.427584
180,120,17,70,2000,2500,314.386464,317.640192,323.117584,327.749536,331.956832,335.226912,338.723152,341.449024,342.705392,342.618608,314.554528,281.426256,270.901024,262.275176,255.500728,250.393088,246.82,243.875776,241.578304,237.306952,233.821432
180,120,17,40,2500,2500,321.03264,324.119984,328.875776,332.03744,334.679072,337.713248,340.568832,343.487072,346.547296,322.525088,290.024048,276.493616,265.424952,256.592152,249.72592,244.81616,241.67564,240.037872,237.507448,216.541128,197.636864
180,120,17,50,2500,2500,320.443296,323.462992,328.567088,332.429648,335.59208,338.900144,341.731392,344.551056,347.495488,323.103632,290.132736,276.369728,265.307152,256.632168,250.02448,245.487728,242.79132,241.587248,239.660912,226.19656,214.393192
180,120,17,60,2500,2500,318.173344,321.516992,327.383968,332.12192,336.000016,339.843584,343.076016,346.14096,349.324048,324.723456,291.391008,277.696672,266.85788,258.488968,252.231824,248.051688,245.6412,244.257344,240.84464,228.6786,219.365776
180,120,17,70,2500,2500,314.556176,318.370064,325.250944,330.96896,335.695456,340.253152,344.021984,347.510208,351.140672,326.61736,293.148944,279.621696,269.017744,260.857424,254.758,250.6432,248.1488,245.908968,240.323304,227.841696,219.617536
180,120,17,40,3000,2500,321.009408,325.279408,332.266048,337.069248,340.898144,344.3836,348.181712,352.766352,333.383104,303.255744,288.082208,275.27536,264.7398,256.565136,250.777704,247.218536,245.562384,245.436984,234.836744,198.37236,172.780464
180,120,17,50,3000,2500,320.624704,324.639968,331.70536,337.135408,341.361408,344.908416,348.563808,352.95336,333.001376,302.167536,286.645408,273.872256,263.719336,256.022,250.730568,247.654144,246.40192,246.060712,236.994056,209.940448,191.837184
180,120,17,60,3000,2500,318.272896,322.588224,330.29256,336.53904,341.53,345.646048,349.74696,354.458272,334.300368,303.084368,287.621168,275.054592,265.207616,257.874856,252.925776,250.059744,248.749064,247.135016,236.61796,213.582112,199.78872
180,120,17,70,3000,2500,314.90168,319.466496,327.745872,334.443328,339.820176,344.053472,347.42792,350.85416,349.180704,318.582784,285.537472,274.460688,265.446136,258.66436,254.030424,251.178464,249.54236,246.668416,234.865952,214.314568,203.277792
180,120,17,40,3500,2500,322.578544,327.145472,334.878896,340.068896,344.070048,347.580704,351.325504,355.721424,332.726304,299.019952,283.612352,271.242064,261.632096,254.843392,250.720472,248.794048,248.51572,247.324968,223.720256,177.16968,152.839384
180,120,17,50,3500,2500,321.727264,326.083088,333.99776,339.961184,344.614976,348.588352,352.586016,356.984384,333.825088,299.753568,283.85304,271.193856,261.570488,254.902504,250.958512,249.206248,248.892744,247.096648,228.139176,191.853368,172.643584
180,120,17,60,3500,2500,319.239008,323.920176,332.473072,339.206528,344.576208,349.154336,353.674016,358.40952,335.22392,300.962544,285.145216,272.728112,263.43308,257.07088,253.263968,251.332464,250.399168,246.648072,227.746288,197.574264,182.904896
180,120,17,70,3500,2500,315.335104,320.425184,329.883872,337.65968,343.867568,349.07808,354.202544,359.546608,336.609136,302.33992,286.732928,274.572976,265.511344,259.253408,255.298648,252.858344,251.008944,245.080584,224.656248,198.230376,187.212744
180,120,17,50,3750,1750,319.996544,326.483856,336.834304,343.33704,350.484496,358.925872,339.505072,306.41152,288.797968,274.830944,264.475424,257.823744,254.477552,253.18148,252.070992,249.050368,242.224144,217.589008,162.247984,132.25324,137.541728
180,120,17,80,3750,1750,307.119296,315.073936,328.660944,338.406096,348.132336,358.935648,341.107776,308.750496,291.957792,278.84088,269.181328,262.631664,258.272832,254.506448,249.693376,242.636416,232.549,206.843264,157.660776,143.00168,157.701416
180,120,17,70,2750,1250,304.838096,312.9508,326.799056,337.24424,347.51784,333.475568,305.452016,290.06184,277.681376,268.354,262.032592,258.158744,255.370176,251.93336,246.414576,237.989528,226.2712,199.211024,148.685928,133.51304,148.49664
180,120,17,50,2750,2750,321.788512,325.094256,330.54792,334.687152,338.267392,341.420688,344.198336,347.187968,350.113408,327.131392,295.159376,280.865168,269.351872,260.223184,253.115416,248.055224,244.8644,243.062224,240.439304,226.36476,214.28064
180,120,17,70,2750,1750,309.739456,314.90752,324.986144,332.894816,338.545024,345.558976,352.672832,329.847872,296.456288,282.155248,270.703248,262.168064,256.428048,253.042336,251.107504,249.548912,247.306712,238.299928,210.179528,182.223968,174.785072
180,120,17,70,3750,2250,314.298048,320.321104,331.281088,340.288,347.282976,353.630848,361.192432,342.781168,310.62888,293.2716,279.619632,269.35952,262.190336,257.68392,254.866776,252.490968,249.251096,237.283256,204.952544,176.608656,170.608464
180,120,17,80,2750,1250,299.298048,308.192688,323.544672,334.866672,345.98424,333.18392,305.70336,290.341392,278.091904,268.907584,262.587264,258.42348,254.9762,250.62396,244.163408,234.984568,222.800752,195.639808,146.00352,134.407244,152.133936
180,120,17,50,2750,1750,316.448016,320.828704,329.053088,334.689344,338.231488,344.194672,350.530896,326.849728,293.058464,278.379216,266.428584,257.368968,251.328576,248.091008,246.946528,246.935936,246.8976,241.342904,213.069504,174.609,159.041424
180,120,17,50,2250,2750,322.162816,324.61408,328.295744,330.993424,333.813712,336.241456,338.453584,340.504224,342.646592,343.58504,317.3352,284.523968,272.04232,261.989152,254.018296,247.7878,243.192504,239.401728,238.952056,236.857272,233.33344
180,120,17,50,3250,1250,316.070544,323.4988,335.308848,343.1472,349.42288,328.81944,297.592416,283.081408,271.19416,262.685208,257.668872,255.275336,253.473168,249.588856,241.59488,228.89816,212.02936,175.641648,115.230764,108.205424,134.581696
180,120,17,80,3250,2750,311.160096,316.324016,325.591904,333.302112,339.723632,344.675008,348.69856,352.84712,353.299504,323.830208,290.202624,278.897936,269.388704,262.122544,256.878656,253.240808,250.637304,245.897136,232.124544,212.801056,203.624776
180,120,17,80,2250,2250,308.055168,312.277312,319.905376,326.47752,331.950992,336.907696,341.270176,345.030928,348.27376,322.50936,288.677088,276.29328,266.53432,259.046624,253.529464,249.81668,247.486384,244.815136,237.720832,224.65044,216.89792
180,120,17,40,3750,1250,321.846208,329.253632,340.200272,347.095216,352.077216,327.646336,293.41584,278.755472,267.462392,259.88412,256.06108,254.493776,252.138848,245.496696,232.170912,212.119304,187.160576,140.00068,75.348584,77.779516,111.131816
180,120,17,50,2250,1750,315.399376,318.836576,325.02448,330.284528,333.504288,335.750832,339.396432,339.058368,309.658816,276.924656,266.01216,256.786904,249.809232,245.288416,242.995104,242.431832,243.041808,243.244544,230.782088,199.832912,181.030888
180,120,17,60,3250,1750,315.00256,320.665536,331.168048,338.759296,344.269008,350.17512,351.729168,323.351344,289.53824,276.702944,266.466256,259.214344,254.892584,252.739176,251.45136,249.469696,245.447112,229.528728,188.877984,158.414936,155.360192
180,120,17,40,3750,2250,322.313168,327.791984,336.774304,342.964832,347.691344,352.507696,358.712144,339.939136,308.23256,290.796368,276.623584,265.632976,257.851592,253.27872,251.303288,250.978272,250.975264,242.600384,200.71064,152.561952,138.042024
180,120,17,40,2750,1750,318.046736,322.352768,329.981312,334.64344,337.334896,342.333712,347.710784,323.871328,290.838784,276.962576,265.39076,256.44232,250.36832,247.052536,245.972112,246.326584,246.952672,241.72256,207.676816,160.900512,142.717072
180,120,17,70,2250,2250,312.970416,316.681568,323.283856,328.870064,333.51168,337.783136,341.556688,344.817808,347.486192,321.382944,287.49768,274.9484,265.005904,257.43348,251.945312,248.394624,246.395712,244.765808,239.690744,227.154184,218.74604
180,120,17,60,2250,2750,319.794864,322.68896,327.368736,331.084832,334.73984,337.732272,340.336768,342.7144,345.06216,346.20856,319.687728,286.47792,274.057312,264.185968,256.484696,250.574264,246.324432,242.895904,241.541008,238.63636,235.39868
180,120,17,80,3250,2250,308.129024,313.947344,324.758832,333.787008,340.498208,345.77328,351.168032,353.467376,325.835968,292.41376,280.45696,270.364352,262.7906,257.589824,254.151448,251.583896,248.971584,240.937312,217.438872,193.42584,186.309904
180,120,17,40,2750,2250,319.817344,323.892736,330.412896,334.714928,338.616336,342.052096,345.489232,349.881824,328.273904,296.28496,281.46392,269.264576,259.655112,252.441832,247.565072,244.859328,243.975384,244.445536,233.152416,195.861728,170.373248
180,120,17,50,3250,2750,322.237888,326.302112,333.028896,337.879488,341.79072,344.656064,347.005664,350.119616,350.109568,320.953088,287.083328,274.831472,264.754768,256.992632,251.523768,248.203472,246.69984,246.277672,237.997512,211.967184,194.139568
180,120,17,60,3750,1750,316.495808,323.4724,334.987376,342.621744,350.687984,359.969776,340.91624,307.85288,290.401216,276.711136,266.64132,260.123176,256.558832,254.482472,252.002696,247.375688,239.25196,214.882488,163.712272,139.045096,146.258088
180,120,17,60,2250,1250,308.119264,314.266336,324.58208,331.527408,337.194272,340.799024,316.50568,285.5708,274.113968,264.262104,257.04124,252.572768,250.339472,249.308528,248.147056,245.633848,240.977672,225.346376,185.42624,154.955472,151.710696
180,120,17,40,3250,1750,319.467296,324.811424,333.933024,339.511648,343.521952,348.086176,344.004304,317.036032,289.181344,275.68944,264.72556,256.784848,252.030392,250.0898,249.9782,250.08316,248.378792,232.09744,180.607296,137.830952,131.852776
180,120,17,80,2250,2750,310.932432,314.818192,321.567552,327.265344,332.533296,336.903376,340.694816,344.047776,347.164592,349.06904,322.544944,289.00152,276.941712,267.507912,260.154784,254.502552,250.35652,246.124888,241.03088,234.297552,230.165768
180,120,17,50,3250,2250,319.8992,324.534432,332.657792,338.69528,342.565296,345.578624,349.548624,351.007232,323.207184,289.2252,276.22968,265.49692,257.401632,252.049984,249.183832,248.205792,248.288608,245.999912,225.022592,187.959304,169.395688
180,120,17,40,2250,2250,319.839904,322.768688,327.295024,330.39784,333.0768,335.892896,338.5748,339.62624,338.471328,311.862192,280.869024,270.062848,260.440224,252.611888,246.607408,242.423016,239.88508,238.911648,236.83644,215.831464,196.8252
180,120,17,60,2750,1250,308.761392,316.5836,329.611424,338.629824,347.541856,333.072848,304.772128,288.758608,275.887424,266.250304,259.800592,256.133112,254.014312,251.665664,247.345368,239.90456,228.804624,201.831736,150.344736,131.14166,142.937552
180,120,17,80,3250,1750,305.516096,312.214464,324.858736,334.623632,342.019856,349.302848,352.05968,324.278768,290.991232,279.021376,269.271536,262.21988,257.581368,254.388072,251.326424,247.131152,240.965272,222.800944,181.946384,160.89188,166.188896
180,120,17,80,3750,2250,309.143136,315.639648,327.567552,337.578768,345.46856,352.490032,360.773248,343.044512,311.157328,293.930256,280.500224,270.391472,263.182632,258.350176,254.883,251.576176,247.28032,233.868144,200.748768,176.626776,174.725488
180,120,17,40,2750,1250,315.559664,321.832416,331.237184,338.182784,346.230832,329.80688,300.39104,284.299424,271.162352,261.14688,254.470576,251.012096,249.892504,249.443216,247.602104,242.348664,232.083872,201.388048,138.819464,114.412244,128.40572
180,120,17,60,2250,1750,312.85224,316.664224,323.69904,329.858128,333.924256,336.806688,340.746672,340.672192,311.222192,278.46672,267.901336,258.944592,252.25668,248.004784,245.842728,245.168176,245.340904,244.107032,230.750864,204.230928,189.625448
180,120,17,40,3750,1750,321.883264,328.141552,337.728224,343.22384,349.772416,357.991856,338.328848,305.181072,287.695568,273.676496,263.144904,256.348848,253.068672,252.259784,252.051896,250.006984,243.478216,215.53688,151.158712,118.897132,127.790696
180,120,17,60,3250,2250,317.400256,322.230608,331.020016,337.994384,342.71824,346.354464,350.681744,352.268,324.332336,290.40256,277.71584,267.245768,259.444816,254.347256,251.548992,250.286176,249.625616,245.342216,224.618512,193.70024,179.53088
180,120,17,70,2250,2750,315.990224,319.39112,325.150352,329.899568,334.35824,338.049168,341.255184,344.106416,346.817328,348.247632,321.534912,288.049008,275.827936,266.22216,258.780704,253.115512,249.055512,245.427592,242.25536,237.258192,233.471584
180,120,17,80,2750,2250,308.006288,313.055632,322.525264,330.354816,337.074464,342.782992,347.93288,353.863216,332.485568,299.883952,285.387616,273.907904,265.07272,258.552656,254.059184,251.091968,249.02404,244.639352,230.298904,210.103248,200.743904
180,120,17,40,3250,2250,321.073088,325.793648,333.57912,338.863392,342.13808,344.826016,348.92504,350.63344,323.044848,289.212096,276.201744,265.382216,257.094616,251.511888,248.461952,247.4318,247.742264,246.120192,220.271488,173.390768,150.339584
180,120,17,70,2750,2750,315.877488,319.948432,327.094368,333.0392,338.208592,342.590752,346.318448,350.048752,353.721984,330.598192,298.0312,283.904848,272.785056,264.1132,257.498472,252.873216,249.913808,247.062392,240.736592,227.868408,219.600248
180,120,17,50,3250,1750,317.852064,323.223472,332.876992,339.361616,343.93464,349.154336,350.396704,322.028208,287.992048,274.781968,264.277144,256.768568,252.364824,250.494736,249.988288,249.274048,246.692408,231.824776,188.437,151.717088,145.485504
180,120,17,80,2250,1250,299.137984,306.323984,318.80208,327.924624,335.388368,340.174208,316.704704,286.78632,276.266304,266.970232,260.11004,255.622808,252.784664,250.483088,247.55264,243.140776,236.87472,220.165456,181.304256,157.790304,160.050056
180,120,17,60,3750,1250,314.765984,323.471744,337.35952,347.113504,354.147296,330.842896,297.35176,283.386528,272.56496,265.26196,261.053176,257.900544,252.745216,242.921336,227.61284,208.206032,186.291728,146.160968,90.724072,100.19284,136.449552
180,120,17,70,3750,2750,316.77496,322.039936,331.570608,339.091808,345.574784,351.019648,355.900384,361.803648,340.713536,307.159648,290.574736,277.621216,267.919112,261.055864,256.575264,253.77024,251.76512,246.153056,227.016576,200.98912,189.413136
180,120,17,60,2250,2250,316.798944,319.949504,325.43432,329.99136,333.776304,337.363376,340.569632,343.417392,345.765328,319.718,285.94912,273.135264,262.896984,255.041712,249.327376,245.67868,243.75696,242.9828,240.215896,228.213208,218.799784
180,120,17,60,2750,1750,313.999328,318.711888,327.662016,334.29128,338.975424,345.121856,351.515056,328.517856,294.86832,280.125696,268.40624,259.66196,253.861376,250.682952,249.30764,248.666152,247.586736,240.242448,212.842272,180.540848,169.076352
180,120,17,70,3750,1750,312.136048,319.5932,332.226704,341.030544,350.008128,360.064336,341.38896,308.549952,291.524672,278.177536,268.3666,261.901104,257.983296,255.02136,251.227624,245.143312,235.751032,210.590784,161.030528,141.841096,152.675264
180,120,17,70,2750,2250,313.072656,317.628384,326.050544,332.917024,338.778896,343.702592,348.210624,353.500608,331.789984,299.144752,284.485424,272.801232,263.833528,257.293208,252.963072,250.40612,248.99932,246.127928,233.541168,212.081152,200.828224
180,120,17,80,3250,1250,302.407904,311.61648,327.323424,338.975888,348.070096,329.266464,299.64888,286.567072,275.604992,267.738728,262.624144,258.809696,254.117272,246.613064,235.275048,220.133472,202.241752,167.859264,115.116568,116.899724,146.507472
180,120,17,40,3250,2750,322.472624,326.837216,333.531936,337.799824,341.260368,343.909648,346.356064,349.70992,349.92064,321.154944,287.58144,275.335616,265.187592,257.201136,251.424176,247.763688,245.936384,245.710408,235.50416,199.379624,173.725856
180,120,17,60,3250,2750,320.008928,324.269008,331.626112,337.320208,341.951424,345.368336,348.101696,351.415776,351.456688,322.013792,288.019312,276.035872,266.221176,258.779048,253.627704,250.525336,249.008904,247.4126,237.739696,215.616864,201.9994
180,120,17,60,3750,2250,318.389632,323.981984,333.978576,341.99264,348.055808,353.571872,360.425552,341.7872,309.65592,292.04984,278.089632,267.54156,260.205304,255.814104,253.533064,252.159152,250.285632,240.484688,208.413752,174.848936,164.78784
180,120,17,60,3250,1250,312.413808,320.381216,333.541216,342.772784,349.9488,329.831664,299.1088,285.103968,273.551232,265.320648,260.365664,257.575552,254.79584,249.565496,240.190824,226.358088,209.123488,174.416168,118.342312,113.328236,138.957488
180,120,17,70,3250,2250,313.301088,318.625472,328.46288,336.455136,342.169424,346.595088,351.421104,353.396176,325.555904,291.823792,279.514592,269.277136,261.659248,256.600032,253.568432,251.705264,250.057472,243.689808,221.563704,194.549568,184.188304
180,120,17,40,3750,2750,323.411744,328.422144,336.475296,341.646128,346.110912,350.098352,354.015504,359.010336,337.96672,305.075408,288.44896,275.023984,264.630008,257.122512,252.296048,249.732656,248.981824,247.995048,226.130416,180.128216,154.986528
180,120,17,80,3750,1250,304.95352,314.765504,331.004256,343.219408,352.046336,329.872176,297.648976,284.811264,274.665216,267.613888,262.879672,258.145528,250.724176,238.74928,221.87052,201.458,179.166024,140.064552,90.150588,105.095756,142.32572
180,120,17,80,2750,2750,310.853152,315.415264,323.581472,330.504896,336.525888,341.62496,345.997744,350.279168,354.449712,331.485584,298.833376,284.84936,273.90288,265.331152,258.732624,253.985216,250.729008,246.795704,238.348696,224.95872,217.404088
180,120,17,50,3750,1250,319.045024,326.931664,339.235264,347.631648,353.559424,329.668496,295.879024,281.501648,270.317728,262.770344,258.710176,256.37712,252.620792,244.41944,230.59224,211.808864,189.391752,146.910664,86.935396,92.834996,128.1812
180,120,17,50,2750,2250,319.181376,323.01792,329.695888,334.689344,339.01,342.667152,346.180176,350.50752,328.581824,296.220896,281.2968,269.141392,259.673936,252.68432,248.09548,245.672344,244.973768,245.018296,235.681416,208.27032,190.21904
180,120,17,80,2250,1750,303.907376,308.76808,317.940096,326.156976,332.104128,336.526256,341.474528,341.943504,312.751088,280.701328,271.012528,262.529848,256.147424,251.89692,249.29932,247.68052,246.428224,242.242456,226.097224,203.542064,193.559376
180,120,17,40,2250,1250,313.453504,318.682384,326.838352,331.458048,335.412032,338.060864,313.198288,281.63648,269.653984,259.491824,251.959064,247.299824,245.25204,245.033256,245.353792,244.742912,241.719544,225.257672,177.461856,137.597976,131.371016
180,120,17,70,2250,1250,304.011632,310.68744,322.141632,330.2672,336.924032,341.104688,317.045264,286.516848,275.576624,266.078096,259.12708,254.738872,252.267432,250.601448,248.470048,244.85732,239.213448,222.789416,183.197952,156.660592,156.665104
180,120,17,50,2750,1250,312.845872,319.59808,330.302432,338.648592,347.574064,331.482112,302.1996,286.2676,273.27216,263.4248,256.890104,253.404584,251.898768,250.607128,247.553136,241.234976,230.918016,203.659368,149.130976,125.953952,136.237976
180,120,17,50,3750,2750,323.041952,327.760816,335.78408,341.526464,346.468816,350.601072,354.435456,359.35208,338.208896,305.059696,288.191536,274.743088,264.476624,257.147112,252.542664,250.230112,249.55692,248.044832,230.696664,195.168056,175.501384
180,120,17,40,2250,1750,316.889184,320.27816,325.968384,330.283584,332.792864,334.581712,337.52776,335.997936,307.080608,276.163392,266.055248,257.014728,249.900208,245.106752,242.511056,241.732536,242.316672,243.031408,227.85292,187.337768,162.15532
180,120,17,80,3750,2750,311.678752,317.42208,327.9456,336.46592,343.767792,349.928096,355.392288,361.895504,341.297792,307.862976,291.407888,278.64464,269.043632,262.10528,257.301296,253.873888,250.954872,243.589584,222.873304,199.565568,191.059488
180,120,17,70,3250,2750,316.220016,320.912384,329.187424,335.888416,341.388528,345.5228,348.943536,352.635856,352.83544,323.351392,289.457904,277.816304,268.20112,260.924,255.82648,252.560424,250.584568,247.398648,235.559048,215.133184,204.098704
180,120,17,40,3250,1250,318.960864,325.844512,336.299824,342.76488,348.20048,327.254032,295.862576,281.197456,269.162704,260.469624,255.397224,253.326544,252.421216,250.005632,243.438488,230.985784,212.75296,171.80664,104.104648,93.311028,119.691176
180,120,17,50,3750,2250,321.277648,326.591824,335.820848,342.857392,348.0948,352.93576,359.17512,340.485168,308.56544,290.85792,276.668624,265.819592,258.204936,253.712016,251.690808,251.067696,250.433368,242.39744,208.275032,168.112064,154.538128
180,120,17,40,2750,2750,322.20032,325.665168,330.953504,334.440656,337.58632,340.463104,343.110256,346.333456,349.45984,326.813136,295.278512,281.103328,269.581024,260.3442,252.98976,247.556632,243.910224,241.645624,238.295208,216.513752,197.228408
180,120,17,60,2750,2750,319.582368,323.187904,329.354272,334.303984,338.632704,342.274352,345.391168,348.739152,351.975392,328.783072,296.393408,282.106144,270.769408,261.91692,255.155856,250.467176,247.588528,245.594808,241.448968,228.850568,219.446344
180,120,17,70,3250,1250,307.71816,316.383744,330.889056,341.340688,349.480528,329.989616,299.842448,286.365424,275.151264,267.137968,262.129088,258.827536,255.037296,248.571016,238.111992,223.529496,205.884216,171.405584,117.286168,115.669224,143.098328
180,120,17,70,3250,1750,310.788208,316.943136,328.5104,337.21472,343.650976,350.246752,352.444848,324.327808,290.728288,278.348176,268.39656,261.297632,256.87412,254.239512,252.048608,248.886104,243.681632,226.415328,185.981584,160.744024,161.90416
180,120,17,70,3750,1250,309.99488,319.315488,334.51112,345.634,353.59,330.741216,297.810576,284.44584,274.056208,266.96832,262.534024,258.520856,252.037728,240.879904,224.506816,204.322984,182.06888,142.8528,90.682784,102.863484,139.49864
180,120,17,50,2250,1250,311.262848,316.844144,325.950048,331.720416,336.530256,339.560432,314.898528,283.584944,271.740688,261.633816,254.19036,249.60964,247.508336,246.966632,246.664184,245.193576,241.451648,226.221392,184.817144,149.644528,143.193864
180,120,17,50,2250,2250,319.035376,321.88064,326.643696,330.365488,333.408624,336.376384,338.949104,340.75584,341.828912,315.647248,282.881408,270.872752,260.885224,252.972064,247.060288,243.140112,240.969312,240.371312,238.950448,225.531632,213.637496
180,120,17,80,2750,1750,305.038928,310.64832,321.531088,330.51424,337.591968,344.730432,351.82104,330.302832,297.52072,283.137344,271.821024,263.377384,257.540824,253.809928,251.263264,248.854608,245.632728,235.278872,206.4556,181.817904,177.548272
180,120,17,60,2750,2250,316.821344,320.931776,328.369344,334.18128,339.229984,343.505168,347.412048,352.138016,330.24016,297.624496,282.703648,270.719264,261.514304,254.827368,250.506752,248.205336,247.35128,246.10736,235.4994,212.15432,198.313672
180,120,17,60,3750,2750,320.608368,325.478048,334.136416,340.72584,346.354096,351.050432,355.298832,360.6504,339.463344,306.01448,289.233488,276.01096,266.055648,259.043048,254.634712,252.252536,251.104704,247.7318,230.230536,200.636712,185.5566
180,120,17,40,2250,2750,322.443488,324.896224,328.194416,330.254048,332.501984,334.346512,336.783648,338.881456,340.088832,340.488352,314.40744,282.579344,271.193744,261.4972,253.508752,247.06532,242.078816,237.337992,235.834032,229.346688,221.759488
180,120,17,70,2250,1750,308.8924,313.222912,321.353056,328.565152,333.587824,337.296016,341.744112,341.715152,312.236832,279.862176,269.756528,261.116824,254.686784,250.557488,248.292344,247.22608,246.700192,243.812992,228.763944,204.47916,192.572288
